{"resultCode": 1000, "message": "success", "data": {"id": "163358808679881762", "user": {"avatar": "http://thirdwx.qlogo.cn/mmopen/nB1vT5CGg56ibyaib70rys7LjENRsPNibCMZvxkY2AKIs6hNHo0ibexfAibhW3hE5azx1DyEiav0qdJjewYHUCuECjQJ8vZylV5x9f/132", "nickname": "\u767d\u8336", "loginname": "WEIXIN_163067615172828071", "info": ""}, "title": "2021\u5e74\u4e2d\u56fd95\u540e\u7537\u6027\u6295\u8d44\u7406\u8d22\u65b9\u5f0f\u504f\u597d-\u526f\u672c", "like": 0, "view": 0, "modify_time": "2021/10/09", "description": "", "theme": null, "article": {"contents": {"design": {"backgroundColor": "#26325Cff", "height": 350, "width": 600, "ratio": null, "sizeType": "\u81ea\u5b9a\u4e49"}, "pages": [{"pageId": "162823079587634727", "design": null, "blocks": [{"projectId": "163358808679881762", "blockId": "162823279665768547", "type": "chart", "dataSrc": {"srcType": "local", "dataType": "object-table", "data": [[["\u75c5\u75c7", "\u5360\u6bd4"], ["\u6291\u90c1\u75c7", "2.1"]]], "url": "", "download": false}, "label": "<d-liquid-fill-gauge-chart>", "templateId": "4447460703254610031", "isFree": "0", "templateSwitch": "key-value", "theme": {"_id": 18, "axis": {"color": "#a1a1a1"}, "backgroundColor": "#FFFFFF", "colors": ["#5AAEF3", "#62D9AD", "#5B6E96", "#a8dffa", "#ffdc4c", "#FF974C", "#E65A56", "#6D61E4", "#4A6FE2", "#6D9AE7", "#23C2DB", "#D4EC59", "#FFE88E", "#FEB64D", "#FB6E6C"], "fonts": {"fontSize": "14", "color": "#545454", "fontFamily": "\u963f\u91cc\u5df4\u5df4\u666e\u60e0\u4f53 \u5e38\u89c4", "accessoryColor": "#878787"}, "grid": {"color": "#ccc"}, "titleFont": {"fontSize": "36", "color": "#4c4c4c", "fontFamily": "\u963f\u91cc\u5df4\u5df4\u666e\u60e0\u4f53 \u5e38\u89c4"}, "name": "\u9ed8\u8ba4\u4e3b\u9898", "price": 0, "shapeColor": 1, "themeId": "18", "thumb": "https://ss1.dydata.io/v2/themes/18.png", "id": "17"}, "props": {"size": {"height": 200, "width": 200, "ratio": null, "rotate": 0}, "numberFormat": {"style": "1000.00", "decimalPlaces": null}, "map": [[{"name": "\u540d\u79f0", "index": 0, "allowType": ["string"], "isLegend": true, "function": "objCol", "configurable": false}, {"name": "\u503c", "index": 1, "allowType": ["number"], "isLegend": false, "function": "vCol", "configurable": false}]], "display": {"IconsPerRow": 3}, "legend": {"show": false, "xPosition": "center", "yPosition": "bottom", "styleOptions": [], "style": "", "lineHeight": "15", "color": ["#545454"], "fontFamily": ["\u963f\u91cc\u5df4\u5df4\u666e\u60e0\u4f53 \u5e38\u89c4"], "fontSize": "14"}, "label": {"textLabel": {"show": true, "fontSize": "14", "color": "#f9cf36ff", "fontFamily": "\u963f\u91cc\u5df4\u5df4\u666e\u60e0\u4f53 \u5e38\u89c4", "positionOptions": ["\u5916\u90e8\u5c45\u4e0a", "\u5185\u90e8", "\u5916\u90e8\u5c45\u4e0b"], "positionChoice": "\u5916\u90e8\u5c45\u4e0b"}, "numberLabel": {"show": true, "fontSize": "20", "color": "#f9cf36ff", "fontFamily": "\u963f\u91cc\u5df4\u5df4\u666e\u60e0\u4f53 \u5e38\u89c4", "positionOptions": ["\u5916\u90e8\u5c45\u4e0a", "\u5185\u90e8", "\u5916\u90e8\u5c45\u4e0b"], "positionChoice": "\u5185\u90e8"}}, "axis": null, "shadow": {"display": false, "shadowAngle": "45", "shadowBlur": "5", "shadowColor": "#c6c6c6", "shadowOpacity": "100", "shadowRadius": "3"}, "font": {"fontSize": "14", "color": "#545454", "fontFamily": "\u963f\u91cc\u5df4\u5df4\u666e\u60e0\u4f53 \u5e38\u89c4"}, "tooltip": true, "colors": {"colorControlers": ["single", "multiple"], "type": "multiple", "list": ["#ef9a9aff"]}, "pictures": {"type": "single", "svglist": ["<?xml version='1.0' encoding='UTF-8'?><svg width = '101px' height = '101px' viewBox = '0 0 101 101' version = '1.1' xmlns = 'http://www.w3.org/2000/svg' xmlns: xlink = 'http://www.w3.org/1999/xlink' wave-distinguish = 'default'><title>shaod</title><g id='g-1' stroke='none' stroke-width='1' fill='none' fill-rule='evenodd'><g id='panel' transform='translate(-542.000000, -1057.000000)' fill='#D07CB3' fill-rule='nonzero'><g id='g-2' transform='translate(140.000000, 381.000000)'><path d='M452.5,676 C480.39038,676 503,698.60962 503,726.5 C503,754.39038 480.39038,777 452.5,777 C424.60962,777 402,754.39038 402,726.5 C402,698.60962 424.60962,676 452.5,676 Z M452.5,678.525 C426.004139,678.525 404.525,700.004139 404.525,726.5 C404.525,752.995861 426.004139,774.475 452.5,774.475 C478.995861,774.475 500.475,752.995861 500.475,726.5 C500.475,700.004139 478.995861,678.525 452.5,678.525 Z M474,724 C481.003418,724 481,732 487,732 C490.980035,732 493.067663,728.6295 495,727 C495.980708,726.172989 497.989778,726.500639 498,726.5 C498,751.628956 477.628956,771.999964 452.5,771.999964 C428.32496,771.999964 408.553459,753.146201 407.087211,729.340324 C407.029355,728.400975 409.63165,724 416,724 C422,724 420,732 428,732 C436,732 435,724 443,724 C452,724 450,732 459,732 C468,732 466,724 474,724 Z' id='sd'></path></g></g></g></svg>"]}, "backgroundColor": "", "titleDisplay": {"text": "\u5404\u56fd\u4eba\u5bf9\u4e16\u754c\u676f\u7684\u5173\u6ce8\u7a0b\u5ea6", "xPosition": "left", "yPosition": "top", "fontSize": "36", "color": "#4c4c4c", "fontFamily": "\u963f\u91cc\u5df4\u5df4\u666e\u60e0\u4f53 \u5e38\u89c4", "lineHeight": "10", "totalHeight": "39", "show": false}, "animation": {"transition": true, "duration": "1.5", "startDelay": "0", "endPause": "1", "moveOptions": ["\u540c\u65f6\u4e0a\u6da8"], "moveStyle": "\u540c\u65f6\u4e0a\u6da8", "easeStyle": ""}, "unitDisplay": {"show": false, "text": "\u5355\u4f4d\uff1a%", "xPosition": "left", "yPosition": "top", "fontSize": "14", "color": "#f9cf36ff", "fontFamily": "\u963f\u91cc\u5df4\u5df4\u666e\u60e0\u4f53 \u5e38\u89c4", "bottomLineHeight": "15"}, "sourceDisplay": {"show": false, "text": "\u6570\u636e\u6765\u6e90\uff1a\u793a\u4f8b\u6570\u636e", "xPosition": "left", "yPosition": "bottom", "fontSize": "14", "color": "#f9cf36ff", "fontFamily": "\u963f\u91cc\u5df4\u5df4\u666e\u60e0\u4f53 \u5e38\u89c4", "topLineHeight": "15"}, "publishDisplay": {"show": true, "text": "\u955d\u6570\u51fa\u54c1", "fontSize": "14", "color": "#f9cf36ff", "fontFamily": "\u963f\u91cc\u5df4\u5df4\u666e\u60e0\u4f53 \u5e38\u89c4"}, "logoDisplay": {"show": true, "imgUrl": "https://ss1.dydata.io/newchartLogo.png", "imgHeight": "32", "topLineHeight": "11", "bottomLineHeight": "15"}, "watermarkDisplay": {"show": false, "imgUrl": "https://ss1.dydata.io/newchartWatermark.png", "imgHeight": "80", "imgWidth": "80"}, "paddings": {"top": "20", "bottom": "23", "left": "24", "right": "24", "chartBottom": "5"}}, "function_type": ["\u6bd4\u8f83\u7c7b", "\u5360\u6bd4\u7c7b"], "chart_type": "\u5176\u4ed6", "title": "\u6c34\u6ce2\u56fe", "thumb": "https://image.dycharts.com/4MXZMLtWYpg2zEXEuepeT6.jpg?imageView2/2/w/500/quality/90", "gif": "https://image.dycharts.com/4447460703254610031.gif?imageView2/2/w/500/quality/90", "position": {"top": "46", "left": "-20"}}, {"blockId": "162823485216651713", "templateId": "333333333333333333", "type": "text", "position": {"top": "253", "left": "9"}, "props": {"size": {"height": "24", "width": "574", "ratio": null, "rotate": 0}, "opacity": 100, "fontSize": "14", "fontFamily": "\u963f\u91cc\u5df4\u5df4\u666e\u60e0\u4f53 \u5e38\u89c4", "lineHeight": 1.4, "letterSpacing": 0, "color": "#ffffff91", "basic": {"bold": false, "underline": false, "italic": false, "deleteline": false, "align": "center"}, "template": "body", "content": "\u6570\u636e\u6765\u6e90\uff1a\u56fd\u5bb6\u536b\u751f\u5065\u5eb7\u59d4\u5458\u4f1a\u300a\u4e2d\u56fd\u5c45\u6c11\u8425\u517b\u4e0e\u6162\u6027\u75c5\u72b6\u51b5\u62a5\u544a\uff082020\u5e74\uff09\u300b"}, "projectId": "163358808679881762"}, {"projectId": "163358808679881762", "blockId": "163358864659872600", "type": "chart", "dataSrc": {"srcType": "local", "dataType": "object-table", "data": [[["\u75c5\u75c7", "\u6bd4\u4f8b"], ["\u7126\u8651\u75c7", "4.98"]]], "url": "", "download": false}, "label": "<d-liquid-fill-gauge-chart>", "templateId": "4447460703254610031", "isFree": "0", "templateSwitch": "key-value", "theme": {"_id": 18, "axis": {"color": "#a1a1a1"}, "backgroundColor": "#FFFFFF", "colors": ["#5AAEF3", "#62D9AD", "#5B6E96", "#a8dffa", "#ffdc4c", "#FF974C", "#E65A56", "#6D61E4", "#4A6FE2", "#6D9AE7", "#23C2DB", "#D4EC59", "#FFE88E", "#FEB64D", "#FB6E6C"], "fonts": {"fontSize": "14", "color": "#545454", "fontFamily": "\u963f\u91cc\u5df4\u5df4\u666e\u60e0\u4f53 \u5e38\u89c4", "accessoryColor": "#878787"}, "grid": {"color": "#ccc"}, "titleFont": {"fontSize": "36", "color": "#4c4c4c", "fontFamily": "\u963f\u91cc\u5df4\u5df4\u666e\u60e0\u4f53 \u5e38\u89c4"}, "name": "\u9ed8\u8ba4\u4e3b\u9898", "price": 0, "shapeColor": 1, "themeId": "18", "thumb": "https://ss1.dydata.io/v2/themes/18.png", "id": "17"}, "props": {"size": {"height": "200", "width": "200", "ratio": null, "rotate": 0}, "numberFormat": {"style": "1000.00", "decimalPlaces": null}, "map": [[{"name": "\u540d\u79f0", "index": 0, "allowType": ["string"], "isLegend": true, "function": "objCol", "configurable": false}, {"name": "\u503c", "index": 1, "allowType": ["number"], "isLegend": false, "function": "vCol", "configurable": false}]], "display": {"IconsPerRow": "5"}, "legend": {"show": false, "xPosition": "center", "yPosition": "bottom", "styleOptions": [], "style": "", "lineHeight": "15", "color": ["#545454"], "fontFamily": ["\u963f\u91cc\u5df4\u5df4\u666e\u60e0\u4f53 \u5e38\u89c4"], "fontSize": "14"}, "label": {"textLabel": {"show": true, "fontSize": "14", "color": "#f9cf36ff", "fontFamily": "\u963f\u91cc\u5df4\u5df4\u666e\u60e0\u4f53 \u5e38\u89c4", "positionOptions": ["\u5916\u90e8\u5c45\u4e0a", "\u5185\u90e8", "\u5916\u90e8\u5c45\u4e0b"], "positionChoice": "\u5916\u90e8\u5c45\u4e0b"}, "numberLabel": {"show": true, "fontSize": "20", "color": "#ffffffff", "fontFamily": "\u963f\u91cc\u5df4\u5df4\u666e\u60e0\u4f53 \u5e38\u89c4", "positionOptions": ["\u5916\u90e8\u5c45\u4e0a", "\u5185\u90e8", "\u5916\u90e8\u5c45\u4e0b"], "positionChoice": "\u5185\u90e8"}}, "axis": null, "shadow": {"display": false, "shadowAngle": "45", "shadowBlur": "5", "shadowColor": "#c6c6c6", "shadowOpacity": "100", "shadowRadius": "3"}, "font": {"fontSize": "14", "color": "#545454", "fontFamily": "\u963f\u91cc\u5df4\u5df4\u666e\u60e0\u4f53 \u5e38\u89c4"}, "tooltip": true, "colors": {"colorControlers": ["single", "multiple"], "type": "multiple", "list": [0]}, "pictures": {"type": "single", "svglist": ["<?xml version='1.0' encoding='UTF-8'?><svg width = '101px' height = '101px' viewBox = '0 0 101 101' version = '1.1' xmlns = 'http://www.w3.org/2000/svg' xmlns: xlink = 'http://www.w3.org/1999/xlink' wave-distinguish = 'default'><title>shaod</title><g id='g-1' stroke='none' stroke-width='1' fill='none' fill-rule='evenodd'><g id='panel' transform='translate(-542.000000, -1057.000000)' fill='#D07CB3' fill-rule='nonzero'><g id='g-2' transform='translate(140.000000, 381.000000)'><path d='M452.5,676 C480.39038,676 503,698.60962 503,726.5 C503,754.39038 480.39038,777 452.5,777 C424.60962,777 402,754.39038 402,726.5 C402,698.60962 424.60962,676 452.5,676 Z M452.5,678.525 C426.004139,678.525 404.525,700.004139 404.525,726.5 C404.525,752.995861 426.004139,774.475 452.5,774.475 C478.995861,774.475 500.475,752.995861 500.475,726.5 C500.475,700.004139 478.995861,678.525 452.5,678.525 Z M474,724 C481.003418,724 481,732 487,732 C490.980035,732 493.067663,728.6295 495,727 C495.980708,726.172989 497.989778,726.500639 498,726.5 C498,751.628956 477.628956,771.999964 452.5,771.999964 C428.32496,771.999964 408.553459,753.146201 407.087211,729.340324 C407.029355,728.400975 409.63165,724 416,724 C422,724 420,732 428,732 C436,732 435,724 443,724 C452,724 450,732 459,732 C468,732 466,724 474,724 Z' id='sd'></path></g></g></g></svg>"]}, "backgroundColor": "", "titleDisplay": {"text": "\u5404\u56fd\u4eba\u5bf9\u4e16\u754c\u676f\u7684\u5173\u6ce8\u7a0b\u5ea6", "xPosition": "left", "yPosition": "top", "fontSize": "36", "color": "#4c4c4c", "fontFamily": "\u963f\u91cc\u5df4\u5df4\u666e\u60e0\u4f53 \u5e38\u89c4", "lineHeight": "10", "totalHeight": "39", "show": false}, "animation": {"transition": true, "duration": "1.5", "startDelay": "0", "endPause": "1", "moveOptions": ["\u540c\u65f6\u4e0a\u6da8"], "moveStyle": "\u540c\u65f6\u4e0a\u6da8", "easeStyle": ""}, "unitDisplay": {"show": false, "text": "\u5355\u4f4d\uff1a%", "xPosition": "left", "yPosition": "top", "fontSize": "14", "color": "#878787", "fontFamily": "\u963f\u91cc\u5df4\u5df4\u666e\u60e0\u4f53 \u5e38\u89c4", "bottomLineHeight": "15"}, "sourceDisplay": {"show": false, "text": "\u6570\u636e\u6765\u6e90\uff1a\u793a\u4f8b\u6570\u636e", "xPosition": "left", "yPosition": "bottom", "fontSize": "14", "color": "#878787", "fontFamily": "\u963f\u91cc\u5df4\u5df4\u666e\u60e0\u4f53 \u5e38\u89c4", "topLineHeight": "15"}, "publishDisplay": {"show": true, "text": "\u955d\u6570\u51fa\u54c1", "fontSize": "14", "color": "#878787", "fontFamily": "\u963f\u91cc\u5df4\u5df4\u666e\u60e0\u4f53 \u5e38\u89c4"}, "logoDisplay": {"show": true, "imgUrl": "https://ss1.dydata.io/newchartLogo.png", "imgHeight": "32", "topLineHeight": "11", "bottomLineHeight": "15"}, "watermarkDisplay": {"show": false, "imgUrl": "https://ss1.dydata.io/newchartWatermark.png", "imgHeight": "80", "imgWidth": "80"}, "paddings": {"top": "20", "bottom": "23", "left": "24", "right": "24", "chartBottom": "5"}}, "function_type": ["\u6bd4\u8f83\u7c7b", "\u5360\u6bd4\u7c7b"], "chart_type": "\u5176\u4ed6", "title": "\u6c34\u6ce2\u56fe", "thumb": "https://image.dycharts.com/4MXZMLtWYpg2zEXEuepeT6.jpg?imageView2/2/w/500/quality/90", "gif": "https://image.dycharts.com/4447460703254610031.gif?imageView2/2/w/500/quality/90", "price": 2, "position": {"top": "46", "left": "167"}}, {"blockId": "163358884145318109", "templateId": "333333333333333333", "type": "text", "position": {"top": "91", "left": "156"}, "props": {"size": {"height": "68", "width": "62", "ratio": null, "rotate": 0}, "opacity": 100, "fontSize": 59, "fontFamily": "\u963f\u91cc\u5df4\u5df4\u666e\u60e0\u4f53 \u7c97\u4f53", "lineHeight": 1.4, "letterSpacing": 0, "color": "#f9cf36ff", "basic": {"bold": true, "underline": false, "italic": false, "deleteline": false, "align": "left"}, "template": "body", "content": "+"}, "projectId": "163358808679881762"}, {"blockId": "163358887394370322", "templateId": "333333333333333333", "type": "text", "position": {"top": "98", "left": "354"}, "props": {"size": {"height": "73", "width": "128", "ratio": null, "rotate": 0}, "opacity": 100, "fontSize": 50, "fontFamily": "\u963f\u91cc\u5df4\u5df4\u666e\u60e0\u4f53 \u7c97\u4f53", "lineHeight": 1.4, "letterSpacing": 0, "color": "#f9cf36ff", "basic": {"bold": true, "underline": false, "italic": false, "deleteline": false, "align": "left"}, "template": "body", "content": "\u2248 "}, "projectId": "163358808679881762"}, {"blockId": "163359997788036228", "templateId": "333333333333333333", "type": "text", "position": {"top": "159", "left": "383"}, "props": {"size": {"height": "68", "width": "226", "ratio": null, "rotate": 0}, "opacity": 100, "fontSize": "50", "fontFamily": "\u963f\u91cc\u5df4\u5df4\u666e\u60e0\u4f53 \u7c97\u4f53", "lineHeight": 1.4, "letterSpacing": 0, "color": "#f9cf36ff", "basic": {"bold": true, "underline": false, "italic": false, "deleteline": false, "align": "left"}, "template": "body", "content": "\u8fd14200\u4e07"}, "projectId": "163358808679881762"}, {"blockId": "163360004183217913", "templateId": "333333333333333333", "type": "text", "position": {"top": "61", "left": "440"}, "props": {"size": {"height": "68", "width": "89", "ratio": null, "rotate": 0}, "opacity": 100, "fontSize": "50", "fontFamily": "\u963f\u91cc\u5df4\u5df4\u666e\u60e0\u4f53 \u7c97\u4f53", "lineHeight": 1.4, "letterSpacing": 0, "color": "#f9cf36ff", "basic": {"bold": true, "underline": false, "italic": false, "deleteline": false, "align": "left"}, "template": "body", "content": "7%"}, "projectId": "163358808679881762"}], "templateId": "162823079587611209"}], "theme": {"_id": 18, "axis": {"color": "#a1a1a1"}, "backgroundColor": "#FFFFFF", "colors": ["#5AAEF3", "#62D9AD", "#5B6E96", "#a8dffa", "#ffdc4c", "#FF974C", "#E65A56", "#6D61E4", "#4A6FE2", "#6D9AE7", "#23C2DB", "#D4EC59", "#FFE88E", "#FEB64D", "#FB6E6C"], "fonts": {"fontSize": "14", "color": "#545454", "fontFamily": "\u963f\u91cc\u5df4\u5df4\u666e\u60e0\u4f53 \u5e38\u89c4", "accessoryColor": "#878787"}, "grid": {"color": "#ccc"}, "titleFont": {"fontSize": "36", "color": "#4c4c4c", "fontFamily": "\u963f\u91cc\u5df4\u5df4\u666e\u60e0\u4f53 \u5e38\u89c4"}, "name": "\u9ed8\u8ba4\u4e3b\u9898", "price": 0, "shapeColor": 1, "themeId": "18", "thumb": "https://ss1.dydata.io/v2/themes/18.png", "id": "17"}}}, "official": false, "refresh_rate": 0, "thumb": "https://image.dycharts.com/e4f459d027d711ec9b6900163e0e6ea9?imageView2/2/w/500/quality/90", "share_image": "", "origin": "", "ctor_lv": null}, "redirectUrl": null}