{"resultCode": 1000, "message": "success", "data": {"id": "163279447503321414", "user": {"avatar": "http://thirdwx.qlogo.cn/mmopen/pBYbU4lGPiayDQveEJYjFnubPlYXZ6CzEibQ3f5Vp05yBmnianozoOUulIgeowibx8wZrRFv9dPRxSBzKctIJP3wfGW314mVIaXI/132", "nickname": "oy\u0505", "loginname": "WEIXIN_163107952911817924", "info": ""}, "title": "\u5728\u7528 \u5df2\u4ed8", "like": 0, "view": 0, "modify_time": "2021/10/10", "description": "", "theme": null, "article": {"contents": {"design": {"backgroundColor": "#26325Cff", "height": 700, "width": 800, "ratio": null, "sizeType": "\u81ea\u5b9a\u4e49"}, "pages": [{"pageId": "162823079587634727", "design": null, "blocks": [{"blockId": "163279379084799107", "templateId": "333333333333333333", "type": "text", "position": {"top": "26", "left": "295"}, "props": {"size": {"height": "68", "width": "260", "ratio": null, "rotate": 0}, "opacity": 100, "fontSize": "25", "fontFamily": "\u963f\u91cc\u5df4\u5df4\u666e\u60e0\u4f53 \u7c97\u4f53", "lineHeight": 1.4, "letterSpacing": 0, "color": "#F9CF36ff", "basic": {"bold": true, "underline": false, "italic": false, "deleteline": false, "align": "center"}, "template": "body", "content": "\u793e\u6050\u7684\u8868\u73b0"}, "projectId": "163279447503321414"}, {"blockId": "163279406334332967", "templateId": "333333333333333333", "type": "text", "position": {"top": "90", "left": "135"}, "props": {"size": {"height": "68", "width": "58", "ratio": null, "rotate": 0}, "opacity": 100, "fontSize": "20", "fontFamily": "\u963f\u91cc\u5df4\u5df4\u666e\u60e0\u4f53 \u7c97\u4f53", "lineHeight": 1.4, "letterSpacing": 0, "color": "#F9CF36ff", "basic": {"bold": true, "underline": false, "italic": false, "deleteline": false, "align": "left"}, "template": "body", "content": "\u8868\u73b0"}, "projectId": "163279447503321414"}, {"projectId": "163279447503321414", "blockId": "163279413288984974", "type": "chart", "dataSrc": {"srcType": "local", "dataType": "object-table", "data": [[["\u8868\u73b0", "\u884c\u4e3a", "\u6570\u503c"], ["\u56e0\u5bb3\u6015\u800c\u672a\u505a", "\u5bf9\u89c6", "2"], ["\u505a\u4e86\u4f46\u5bb3\u6015", "\u5bf9\u89c6", "9"], ["\u505a\u4e86\u540e\u4ea7\u751f\u751f\u7406\u4e0d\u9002", "\u5bf9\u89c6", "1"], ["\u56e0\u5bb3\u6015\u800c\u672a\u505a", "\u6253\u7535\u8bdd", "9"], ["\u505a\u4e86\u540e\u4ea7\u751f\u751f\u7406\u4e0d\u9002", "\u6253\u7535\u8bdd", "2"], ["\u56e0\u5bb3\u6015\u800c\u672a\u505a", "\u88ab\u6ce8\u610f", "2"], ["\u505a\u4e86\u4f46\u5bb3\u6015", "\u88ab\u6ce8\u610f", "11"], ["\u505a\u4e86\u540e\u4ea7\u751f\u751f\u7406\u4e0d\u9002", "\u88ab\u6ce8\u610f", "1"], ["\u56e0\u5bb3\u6015\u800c\u672a\u505a", "\u6253\u62db\u547c", "19"], ["\u505a\u4e86\u4f46\u5bb3\u6015", "\u6253\u62db\u547c", "18"], ["\u56e0\u5bb3\u6015\u800c\u672a\u505a", "\u4ea4\u6d41", "36"], ["\u505a\u4e86\u4f46\u5bb3\u6015", "\u4ea4\u6d41", "105"], ["\u505a\u4e86\u540e\u4ea7\u751f\u751f\u7406\u4e0d\u9002", "\u4ea4\u6d41", "10"], ["\u56e0\u5bb3\u6015\u800c\u672a\u505a", "\u5403\u996d", "13"], ["\u505a\u4e86\u4f46\u5bb3\u6015", "\u5403\u996d", "1"], ["\u56e0\u5bb3\u6015\u800c\u672a\u505a", "\u73a9\u6e38\u620f", "2"], ["\u505a\u4e86\u4f46\u5bb3\u6015", "\u73a9\u6e38\u620f", "4"], ["\u56e0\u5bb3\u6015\u800c\u672a\u505a", "\u96c6\u4f53\u6d3b\u52a8", "2"], ["\u505a\u4e86\u4f46\u5bb3\u6015", "\u96c6\u4f53\u6d3b\u52a8", "14"], ["\u505a\u4e86\u540e\u4ea7\u751f\u751f\u7406\u4e0d\u9002", "\u96c6\u4f53\u6d3b\u52a8", "5"], ["\u56e0\u5bb3\u6015\u800c\u672a\u505a", "\u62cd\u7167", "1"], ["\u505a\u4e86\u4f46\u5bb3\u6015", "\u62cd\u7167", "1"], ["\u56e0\u5bb3\u6015\u800c\u672a\u505a", "\u4ea4\u6d41", "2"], ["\u56e0\u5bb3\u6015\u800c\u672a\u505a", "\u5206\u4eab", "3"], ["\u505a\u4e86\u4f46\u5bb3\u6015", "\u5206\u4eab", "1"], ["\u56e0\u5bb3\u6015\u800c\u672a\u505a", "\u5f53\u4f17\u53d1\u8a00", "5"], ["\u505a\u4e86\u4f46\u5bb3\u6015", "\u5f53\u4f17\u53d1\u8a00", "15"], ["\u505a\u4e86\u540e\u4ea7\u751f\u751f\u7406\u4e0d\u9002", "\u5f53\u4f17\u53d1\u8a00", "6"], ["\u56e0\u5bb3\u6015\u800c\u672a\u505a", "\u63a5\u89e6", "4"], ["\u505a\u4e86\u4f46\u5bb3\u6015", "\u63a5\u89e6", "8"], ["\u505a\u4e86\u540e\u4ea7\u751f\u751f\u7406\u4e0d\u9002", "\u63a5\u89e6", "12"], ["\u56e0\u5bb3\u6015\u800c\u672a\u505a", "\u5916\u51fa", "1"], ["\u505a\u4e86\u4f46\u5bb3\u6015", "\u5916\u51fa", "3"], ["\u56e0\u5bb3\u6015\u800c\u672a\u505a", "\u6c42\u52a9", "6"], ["\u56e0\u5bb3\u6015\u800c\u672a\u505a", "\u8c08\u604b\u7231", "3"], ["\u6253\u7535\u8bdd", "\u540c\u5b66", "1"], ["\u6253\u62db\u547c", "\u540c\u5b66", "9"], ["\u5bf9\u89c6", "\u540c\u5b66", "1"], ["\u88ab\u6ce8\u610f", "\u540c\u5b66", "1"], ["\u5f53\u4f17\u53d1\u8a00", "\u540c\u5b66", "11"], ["\u4ea4\u6d41", "\u540c\u5b66", "19"], ["\u96c6\u4f53\u6d3b\u52a8", "\u540c\u5b66", "6"], ["\u5403\u996d", "\u540c\u5b66", "3"], ["\u4ea4\u6d41", "\u540c\u5b66", "2"], ["\u6253\u62db\u547c", "\u8001\u5e08", "3"], ["\u5bf9\u89c6", "\u8001\u5e08", "1"], ["\u5f53\u4f17\u53d1\u8a00", "\u8001\u5e08", "5"], ["\u4ea4\u6d41", "\u8001\u5e08", "7"], ["\u6c42\u52a9", "\u8001\u5e08", "2"], ["\u4ea4\u6d41", "\u5ba4\u53cb", "8"], ["\u6253\u7535\u8bdd", "\u540c\u4e8b", "5"], ["\u6253\u62db\u547c", "\u540c\u4e8b", "4"], ["\u4ea4\u6d41", "\u540c\u4e8b", "17"], ["\u6c42\u52a9", "\u540c\u4e8b", "1"], ["\u96c6\u4f53\u6d3b\u52a8", "\u540c\u4e8b", "5"], ["\u5403\u996d", "\u540c\u4e8b", "4"], ["\u4ea4\u6d41", "\u9762\u8bd5\u5b98", "8"], ["\u4ea4\u6d41", "\u4eb2\u621a", "4"], ["\u5916\u51fa", "\u4eb2\u621a", "1"], ["\u96c6\u4f53\u6d3b\u52a8", "\u8001\u4e61", "1"], ["\u6253\u62db\u547c", "\u90bb\u5c45", "4"], ["\u4ea4\u6d41", "\u90bb\u5c45", "2"], ["\u4ea4\u6d41", "\u670b\u53cb", "1"], ["\u96c6\u4f53\u6d3b\u52a8", "\u670b\u53cb", "3"], ["\u5916\u51fa", "\u670b\u53cb", "2"], ["\u6253\u62db\u547c", "\u719f\u4eba", "10"], ["\u5f53\u4f17\u53d1\u8a00", "\u719f\u4eba", "1"], ["\u4ea4\u6d41", "\u719f\u4eba", "6"], ["\u5403\u996d", "\u719f\u4eba", "1"], ["\u4ea4\u6d41", "\u5f02\u6027", "1"], ["\u8c08\u604b\u7231", "\u5f02\u6027", "3"], ["\u62cd\u7167", "\u5f02\u6027", "1"], ["\u4ea4\u6d41", "\u5bfc\u8d2d", "12"], ["\u88ab\u6ce8\u610f", "\u5bfc\u8d2d", "1"], ["\u4ea4\u6d41", "\u670d\u52a1\u5458", "13"], ["\u4ea4\u6d41", "\u5de5\u4f5c\u4eba\u5458", "1"], ["\u6253\u7535\u8bdd", "\u9a91\u624b", "4"], ["\u5bf9\u89c6", "\u9a91\u624b", "1"], ["\u4ea4\u6d41", "\u9a91\u624b", "6"], ["\u6253\u7535\u8bdd", "\u5ba2\u670d", "16"], ["\u6253\u7535\u8bdd", "\u5ba2\u6237", "1"], ["\u5403\u996d", "\u5ba2\u6237", "1"], ["\u4ea4\u6d41", "\u4e58\u52a1\u5458", "4"], ["\u63a5\u89e6", "\u4e58\u5ba2", "3"], ["\u4ea4\u6d41", "\u4e58\u5ba2", "3"], ["\u6c42\u52a9", "\u4e58\u5ba2", "1"], ["\u5206\u4eab", "\u7f51\u53cb", "4"], ["\u88ab\u6ce8\u610f", "\u7f51\u53cb", "2"], ["\u6253\u62db\u547c", "\u4e0d\u719f\u7684\u4eba", "6"], ["\u5403\u996d", "\u4e0d\u719f\u7684\u4eba", "2"], ["\u6253\u7535\u8bdd", "\u964c\u751f\u4eba", "5"], ["\u5bf9\u89c6", "\u964c\u751f\u4eba", "2"], ["\u88ab\u6ce8\u610f", "\u964c\u751f\u4eba", "5"], ["\u4ea4\u6d41", "\u964c\u751f\u4eba", "27"], ["\u6c42\u52a9", "\u964c\u751f\u4eba", "2"], ["\u73a9\u6e38\u620f", "\u964c\u751f\u4eba", "6"], ["\u5bf9\u89c6", "\u4eba\u7fa4", "7"], ["\u88ab\u6ce8\u610f", "\u4eba\u7fa4", "4"], ["\u63a5\u89e6", "\u4eba\u7fa4", "2"], ["\u5f53\u4f17\u53d1\u8a00", "\u4eba\u7fa4", "8"], ["\u5403\u996d", "\u4eba\u7fa4", "3"], ["\u6253\u7535\u8bdd", "\u6240\u6709", "19"], ["\u96c6\u4f53\u6d3b\u52a8", "\u6240\u6709", "2"], ["\u63a5\u89e6", "\u6240\u6709", "18"], ["\u6253\u62db\u547c", "\u672a\u77e5", "1"], ["\u88ab\u6ce8\u610f", "\u672a\u77e5", "1"], ["\u5f53\u4f17\u53d1\u8a00", "\u672a\u77e5", "1"], ["\u4ea4\u6d41", "\u672a\u77e5", "12"], ["\u5916\u51fa", "\u672a\u77e5", "1"], ["\u96c6\u4f53\u6d3b\u52a8", "\u672a\u77e5", "4"], ["\u62cd\u7167", "\u672a\u77e5", "1"], ["\u56e0\u5bb3\u6015\u800c\u672a\u505a", "\u6253\u7535\u8bdd", "9"], ["\u505a\u4e86\u4f46\u5bb3\u6015", "\u6253\u7535\u8bdd", "40"], ["\u505a\u4e86\u540e\u4ea7\u751f\u751f\u7406\u4e0d\u9002", "\u6253\u7535\u8bdd", "2"]]], "url": "", "download": false}, "label": "<d-horizontal-sankey-chart>", "templateId": "5543733748594536504", "isFree": "1", "templateSwitch": "sankey", "theme": {"_id": 18, "axis": {"color": "#a1a1a1"}, "backgroundColor": "#FFFFFF", "colors": ["#5AAEF3", "#62D9AD", "#5B6E96", "#a8dffa", "#ffdc4c", "#FF974C", "#E65A56", "#6D61E4", "#4A6FE2", "#6D9AE7", "#23C2DB", "#D4EC59", "#FFE88E", "#FEB64D", "#FB6E6C"], "fonts": {"fontSize": "14", "color": "#545454", "fontFamily": "\u963f\u91cc\u5df4\u5df4\u666e\u60e0\u4f53 \u5e38\u89c4", "accessoryColor": "#878787"}, "grid": {"color": "#ccc"}, "titleFont": {"fontSize": "36", "color": "#4c4c4c", "fontFamily": "\u963f\u91cc\u5df4\u5df4\u666e\u60e0\u4f53 \u5e38\u89c4"}, "name": "\u9ed8\u8ba4\u4e3b\u9898", "price": 0, "shapeColor": 1, "themeId": "18", "thumb": "https://ss1.dydata.io/v2/themes/18.png", "id": "17"}, "props": {"size": {"height": "558", "width": "787", "ratio": null, "rotate": 0}, "numberFormat": {"style": "1000.00", "decimalPlaces": null}, "map": [[{"name": "\u8d77\u59cb\u9879", "index": 0, "allowType": ["string"], "isLegend": true, "function": "objCol", "configurable": false}, {"name": "\u76ee\u6807\u9879", "index": 1, "allowType": ["string"], "isLegend": true, "function": "targetCol", "configurable": false}, {"name": "\u6570\u503c", "index": 2, "allowType": ["number"], "isLegend": false, "function": "vCol", "configurable": false}]], "legend": {"show": false, "xPosition": "center", "yPosition": "bottom", "styleOptions": [], "style": "", "lineHeight": "15", "color": "#545454", "fontFamily": "\u963f\u91cc\u5df4\u5df4\u666e\u60e0\u4f53 \u5e38\u89c4", "fontSize": "14"}, "axis": null, "label": {"textLabel": {"show": true, "fontSize": "14", "color": "#F9CF36ff", "fontFamily": "\u963f\u91cc\u5df4\u5df4\u666e\u60e0\u4f53 \u5e38\u89c4", "positionOptions": ["\u5185\u4fa7", "\u5916\u4fa7", "\u5c45\u4e2d", "\u5c45\u4e2d\uff08\u7ad6\u6392\uff09"], "positionChoice": "\u5916\u4fa7"}, "numberLabel": {"show": false, "fontSize": "14", "color": "#545454", "fontFamily": "\u963f\u91cc\u5df4\u5df4\u666e\u60e0\u4f53 \u5e38\u89c4", "positionOptions": ["\u5185\u4fa7", "\u5916\u4fa7", "\u5c45\u4e2d"], "positionChoice": "\u5185\u4fa7", "suffix": ""}, "lineLabel": {"show": false, "fontSize": "14", "color": "#545454", "fontFamily": "\u963f\u91cc\u5df4\u5df4\u666e\u60e0\u4f53 \u5e38\u89c4", "suffix": ""}}, "display": {"nodeWidth": "10", "nodeGap": "5", "nodeBorderWidth": "1", "nodeBorderColor": null, "nodeColor": null, "linkColor": null, "linkOpacity": "0.3"}, "shadow": {"display": false, "shadowAngle": "45", "shadowBlur": "5", "shadowColor": "#c6c6c6", "shadowOpacity": "100", "shadowRadius": "3"}, "tooltip": true, "colors": {"colorControlers": ["multiple"], "type": "multiple", "list": [0, "#50e3c2ff", 11, 12, 4, 7, 6, 5, 8, 9, 10, 11, 12, 13, 14, 3, 1, 2, 3, 4, "#26325Cff", 6, 7, 8, 9, 10, 11, 12, 13, 14, 0, 1, 2, 3, 4, 5, 6, 7, 8, 9, 10, 2, "#30cb13ff"]}, "backgroundColor": "", "titleDisplay": {"text": "\u793e\u6050\u7684\u8868\u73b0", "xPosition": "center", "yPosition": "top", "fontSize": "25", "color": "#F2E8CDff", "fontFamily": "\u963f\u91cc\u5df4\u5df4\u666e\u60e0\u4f53 \u5e38\u89c4", "lineHeight": "10", "totalHeight": "39", "show": false}, "animation": {"transition": true, "duration": "1.6", "startDelay": "1", "endPause": "1", "moveOptions": ["\u6a2a\u5411\u5c55\u5f00"], "moveStyle": "\u6a2a\u5411\u5c55\u5f00", "easeStyle": ""}, "unitDisplay": {"show": false, "text": "\u5355\u4f4d\uff1a\u4eba", "xPosition": "left", "yPosition": "top", "fontSize": "14", "color": "#F2E8CDff", "fontFamily": "\u963f\u91cc\u5df4\u5df4\u666e\u60e0\u4f53 \u5e38\u89c4", "bottomLineHeight": "15"}, "sourceDisplay": {"show": false, "text": "\u6570\u636e\u6765\u6e90\uff1a\u8c46\u74e3\u8bdd\u9898\u8ba8\u8bba", "xPosition": "left", "yPosition": "bottom", "fontSize": "14", "color": "#F2E8CDff", "fontFamily": "\u963f\u91cc\u5df4\u5df4\u666e\u60e0\u4f53 \u5e38\u89c4", "topLineHeight": "15"}, "publishDisplay": {"show": false, "text": "\u955d\u6570\u51fa\u54c1", "fontSize": "14", "color": "#F2E8CDff", "fontFamily": "\u963f\u91cc\u5df4\u5df4\u666e\u60e0\u4f53 \u5e38\u89c4"}, "logoDisplay": {"show": false, "imgUrl": "https://ss1.dycharts.com/newchartLogo.png", "imgHeight": "32", "topLineHeight": "11", "bottomLineHeight": "15"}, "watermarkDisplay": {"show": false, "imgUrl": "https://ss1.dycharts.com/newchartWatermark.png", "imgHeight": "80", "imgWidth": "80"}, "paddings": {"top": "20", "bottom": "23", "left": "24", "right": "24", "chartBottom": "5"}}, "function_type": ["\u6d41\u5411\u7c7b"], "chart_type": "\u6851\u57fa\u56fe", "title": "\u6851\u57fa\u56fe", "thumb": "https://image.dycharts.com/GAn9rzy6Hyg9PJTjc2RToc.jpg?imageView2/2/w/500/quality/90", "gif": "https://image.dycharts.com/5543733748594536504.gif?imageView2/2/w/500/quality/90", "position": {"top": "115", "left": "-1"}}, {"blockId": "163279422175837764", "templateId": "333333333333333333", "type": "text", "position": {"top": "89", "left": "408"}, "props": {"size": {"height": "68", "width": "260", "ratio": null, "rotate": 0}, "opacity": 100, "fontSize": "20", "fontFamily": "\u963f\u91cc\u5df4\u5df4\u666e\u60e0\u4f53 \u7c97\u4f53", "lineHeight": 1.4, "letterSpacing": 0, "color": "#F9CF36ff", "basic": {"bold": true, "underline": false, "italic": false, "deleteline": false, "align": "left"}, "template": "body", "content": "\u884c\u4e3a"}, "projectId": "163279447503321414"}, {"blockId": "163279431045940146", "templateId": "333333333333333333", "type": "text", "position": {"top": "92", "left": "686"}, "props": {"size": {"height": "68", "width": "260", "ratio": null, "rotate": 0}, "opacity": 100, "fontSize": "20", "fontFamily": "\u963f\u91cc\u5df4\u5df4\u666e\u60e0\u4f53 \u7c97\u4f53", "lineHeight": 1.4, "letterSpacing": 0, "color": "#F9CF36ff", "basic": {"bold": true, "underline": false, "italic": false, "deleteline": false, "align": "left"}, "template": "body", "content": "\u5bf9\u8c61"}, "projectId": "163279447503321414"}, {"blockId": "163279436402994580", "templateId": "333333333333333333", "type": "text", "position": {"top": "637", "left": "27"}, "props": {"size": {"height": "68", "width": "651", "ratio": null, "rotate": 0}, "opacity": 100, "fontSize": "15", "fontFamily": "\u963f\u91cc\u5df4\u5df4\u666e\u60e0\u4f53 \u5e38\u89c4", "lineHeight": 1.7, "letterSpacing": 0, "color": "#F9CF36ff", "basic": {"bold": false, "underline": false, "italic": false, "deleteline": false, "align": "left"}, "template": "body", "content": "\u6570\u636e\u6765\u6e90\uff1a\u8c46\u74e3\u8bdd\u9898\u201c\u6211\u63d0\u8bae\uff0c\u8fdb\u7ec4\u7684\u4eba\u5148\u5206\u4eab\u4e00\u4e2a\u81ea\u5df1\u793e\u6050\u7684\u6545\u4e8b\u5427\u201d\uff08\u622a\u81f32021\u5e749\u670826\u65e5\uff09\n\u8bfb\u56fe\u793a\u4f8b\uff1a\u56e0\u4e3a\u5bb3\u6015\u800c\u4e0d\u6562\u548c\u540c\u5b66\u6253\u7535\u8bdd"}, "projectId": "163279447503321414"}], "templateId": "163279346708186181"}], "theme": {"_id": 18, "axis": {"color": "#a1a1a1"}, "backgroundColor": "#FFFFFF", "colors": ["#5AAEF3", "#62D9AD", "#5B6E96", "#a8dffa", "#ffdc4c", "#FF974C", "#E65A56", "#6D61E4", "#4A6FE2", "#6D9AE7", "#23C2DB", "#D4EC59", "#FFE88E", "#FEB64D", "#FB6E6C"], "fonts": {"fontSize": "14", "color": "#545454", "fontFamily": "\u963f\u91cc\u5df4\u5df4\u666e\u60e0\u4f53 \u5e38\u89c4", "accessoryColor": "#878787"}, "grid": {"color": "#ccc"}, "titleFont": {"fontSize": "36", "color": "#4c4c4c", "fontFamily": "\u963f\u91cc\u5df4\u5df4\u666e\u60e0\u4f53 \u5e38\u89c4"}, "name": "\u9ed8\u8ba4\u4e3b\u9898", "price": 0, "shapeColor": 1, "themeId": "18", "thumb": "https://ss1.dydata.io/v2/themes/18.png", "id": "17"}}}, "official": false, "refresh_rate": 0, "thumb": "https://image.dycharts.com/0fc1cb76299411ecbf4300163e0e6ea9?imageView2/2/w/500/quality/90", "share_image": "", "origin": "", "ctor_lv": null}, "redirectUrl": null}