{"resultCode": 1000, "message": "success", "data": {"id": "163351895223092585", "user": {"avatar": "http://thirdwx.qlogo.cn/mmopen/pBYbU4lGPiayDQveEJYjFnubPlYXZ6CzEibQ3f5Vp05yBmnianozoOUulIgeowibx8wZrRFv9dPRxSBzKctIJP3wfGW314mVIaXI/132", "nickname": "oy\u0505", "loginname": "WEIXIN_163107952911817924", "info": ""}, "title": "\u7cbe\u795e\u75c7 \u5df2\u4ed8", "like": 0, "view": 0, "modify_time": "2021/10/09", "description": "", "theme": null, "article": {"contents": {"design": {"backgroundColor": "#26325Cff", "height": 650, "width": 800, "ratio": null, "sizeType": "\u81ea\u5b9a\u4e49"}, "pages": [{"pageId": "163351895223418337", "templateId": "0", "design": null, "blocks": [{"projectId": "163351895223092585", "blockId": "163352009861661704", "type": "chart", "dataSrc": {"srcType": "local", "dataType": "cross-table", "data": [[["\u5206\u7c7b", "\u60a3\u75c5", "\u6b63\u5e38"], ["\u7ec8\u751f\u60a3\u75c5\u7387", "13.3", "86.7"]]], "url": "", "download": false}, "label": "<d-percentageStackIconBar-chart>", "templateId": "7955555777700001305", "isFree": "1", "templateSwitch": "cross", "theme": {"_id": 18, "axis": {"color": "#a1a1a1 "}, "backgroundColor": "#FFFFFF", "colors": ["#5AAEF3", "#62D9AD", "#5B6E96", "#a8dffa", "#ffdc4c", "#FF974C", "#E65A56", "#6D61E4", "#4A6FE2", "#6D9AE7", "#23C2DB", "#D4EC59", "#FFE88E", "#FEB64D", "#FB6E6C"], "fonts": {"accessoryColor": "#878787", "color": "#545454", "fontFamily": "\u963f\u91cc\u5df4\u5df4\u666e\u60e0\u4f53 \u5e38\u89c4", "fontSize": "14"}, "grid": {"color": "#cccccc"}, "titleFont": {"fontSize": "36", "color": "#4c4c4c", "fontFamily": "\u963f\u91cc\u5df4\u5df4\u666e\u60e0\u4f53 \u5e38\u89c4"}, "name": "\u9ed8\u8ba4\u4e3b\u9898", "price": "0.0", "shapeColor": 1, "themeId": "18", "thumb": "https://ss1.dydata.io/v2/themes/17.png", "id": "17"}, "props": {"size": {"height": "180", "width": "514", "ratio": null, "rotate": 0}, "map": [[{"name": "\u5bf9\u8c61", "index": 0, "allowType": ["string"], "isLegend": false, "function": "objCol", "configurable": false}, {"name": "\u6570\u503c\u5217", "index": 1, "allowType": ["number"], "isLegend": false, "function": "vCol", "configurable": true}, {"name": "\u6570\u503c\u5217", "index": 2, "allowType": ["number"], "isLegend": false, "function": "vCol", "configurable": true}]], "label": {"display": false, "positionOptions": ["\u5de6\u53f3\u6392\u5217", "\u4e0a\u4e0b\u6392\u5217"], "positionChoice": "\u4e0a\u4e0b\u6392\u5217", "contentOption": ["\u540d\u79f0", "\u767e\u5206\u6bd4", "\u6570\u503c"], "contentChoice": ["\u540d\u79f0"], "suffix": "", "textLabel": {"fontSize": 14, "color": "#333333ff", "fontFamily": "\u963f\u91cc\u5df4\u5df4\u666e\u60e0\u4f53 \u5e38\u89c4"}}, "legend": {"show": true, "xPosition": "center", "yPosition": "top", "styleOptions": [], "style": "", "lineHeight": "15", "color": "#F9CF36ff", "fontFamily": ["\u963f\u91cc\u5df4\u5df4\u666e\u60e0\u4f53 \u5e38\u89c4"], "fontSize": "19"}, "axis": {"grid": {"show": "none", "gridLineWidth": "1", "color": "#DCDFE0", "lineStyle": "dashline"}, "x": {"labelShow": true, "name": "", "axisLineWidth": "1", "axisShow": false, "axisColor": "#bfbfbf", "labelDirectionOptions": ["\u81ea\u52a8", "\u6a2a\u6392", "\u7ad6\u6392"], "labelDirection": "\u81ea\u52a8", "labelAngle": "0"}, "y": {"labelShow": false, "name": "", "axisLineWidth": "1", "axisShow": false, "axisColor": "#bfbfbf", "stepOfLabel": null}, "color": "#DCDFE0"}, "pictures": {"type": "single", "svglist": ["<svg xmlns=\"http://www.w3.org/2000/svg\" height=\"100%\" preserveAspectRatio=\"none\" viewBox=\"0 0 24 24\" width=\"100%\"><path d=\"M12 4.435c-1.989-5.399-12-4.597-12 3.568 0 4.068 3.06 9.481 12 14.997 8.94-5.516 12-10.929 12-14.997 0-8.118-10-8.999-12-3.568z\"/></svg>", "<svg xmlns=\"http://www.w3.org/2000/svg\" height=\"100%\" preserveAspectRatio=\"none\" viewBox=\"0 0 24 24\" width=\"100%\"><path d=\"M12 4.435c-1.989-5.399-12-4.597-12 3.568 0 4.068 3.06 9.481 12 14.997 8.94-5.516 12-10.929 12-14.997 0-8.118-10-8.999-12-3.568z\"/></svg>"]}, "display": {"fillOpacity": "1", "iconWidthPercent": "1", "borderWidth": "2", "borderColor_static": "#4c4c4c", "iconBgColor": "#f2f2f2"}, "font": {"fontSize": "19", "color": "#F9CF36ff", "fontFamily": "\u963f\u91cc\u5df4\u5df4\u666e\u60e0\u4f53 \u5e38\u89c4"}, "tooltip": true, "colors": {"colorControlers": ["multiple", "withSingleIcon"], "list": ["#FBFE86ff", "#7586C5ff"], "type": "multiple"}, "backgroundColor": "", "titleDisplay": {"text": "\u67d0\u54c1\u724c\u4e0d\u540c\u725b\u5976\u7684\u8425\u517b\u6210\u5206\u542b\u91cf", "xPosition": "left", "yPosition": "top", "fontSize": "36", "color": "#4c4c4c", "fontFamily": "\u963f\u91cc\u5df4\u5df4\u666e\u60e0\u4f53 \u5e38\u89c4", "lineHeight": "10", "totalHeight": "39", "show": false}, "animation": {"transition": true, "duration": "2", "startDelay": "0", "endPause": "1", "moveOptions": ["\u7eb5\u5411\u5206\u7c7b\u62c9\u4f38", "\u7eb5\u5411\u5206\u7ec4\u62c9\u4f38", "\u7eb5\u5411\u540c\u6b65\u62c9\u4f38", "\u7eb5\u5411\u6574\u4f53\u62c9\u4f38", "\u6a2a\u5411\u540c\u6b65\u5c55\u5f00", "\u6a2a\u5411\u4f9d\u6b21\u5c55\u5f00", "\u5206\u7ec4\u6e10\u663e", "\u540c\u65f6\u4e0a\u6da8"], "moveStyle": "\u540c\u65f6\u4e0a\u6da8", "easeStyle": ""}, "unitDisplay": {"show": false, "text": "\u5355\u4f4d\uff1a%", "xPosition": "left", "yPosition": "top", "fontSize": "14", "color": "#F9CF36ff", "fontFamily": "\u963f\u91cc\u5df4\u5df4\u666e\u60e0\u4f53 \u5e38\u89c4", "bottomLineHeight": "15"}, "sourceDisplay": {"show": false, "text": "\u6570\u636e\u6765\u6e90\uff1a\u793a\u4f8b\u6570\u636e", "xPosition": "left", "yPosition": "bottom", "fontSize": "14", "color": "#F9CF36ff", "fontFamily": "\u963f\u91cc\u5df4\u5df4\u666e\u60e0\u4f53 \u5e38\u89c4", "topLineHeight": "15"}, "publishDisplay": {"show": false, "text": "\u955d\u6570\u51fa\u54c1", "fontSize": "14", "color": "#F9CF36ff", "fontFamily": "\u963f\u91cc\u5df4\u5df4\u666e\u60e0\u4f53 \u5e38\u89c4"}, "shadow": {"display": false, "shadowAngle": "45", "shadowBlur": "5", "shadowColor": "#c6c6c6", "shadowOpacity": "100", "shadowRadius": "3"}, "logoDisplay": {"show": false, "imgUrl": "https://ss1.dycharts.com/newchartLogo.png", "imgHeight": "32", "topLineHeight": "11", "bottomLineHeight": "15"}, "watermarkDisplay": {"show": false, "imgUrl": "https://ss1.dycharts.com/newchartWatermark.png", "imgHeight": "80", "imgWidth": "80"}, "paddings": {"top": "20", "bottom": "23", "left": "24", "right": "24", "chartBottom": "5"}, "numberFormat": {"style": "1000.00", "decimalPlaces": null}}, "function_type": ["\u6bd4\u8f83\u7c7b"], "chart_type": "\u67f1\u72b6\u56fe", "title": "\u767e\u5206\u6bd4\u5806\u53e0\u8c61\u5f62\u67f1\u56fe", "thumb": "https://image.dycharts.com/7955555777700001305.png?imageView2/2/w/500/quality/90", "gif": "https://image.dycharts.com/7955555777700001305.gif?imageView2/2/w/500/quality/90", "position": {"top": "87", "left": "-156"}}, {"projectId": "163351895223092585", "blockId": "163352011676189943", "type": "chart", "dataSrc": {"srcType": "local", "dataType": "cross-table", "data": [[["\u5206\u7c7b", "\u53d1\u75c5", "\u6b63\u5e38"], ["\u5e74\u60a3\u75c5\u7387", "7.9", "92.1"]]], "url": "", "download": false}, "label": "<d-percentageStackIconBar-chart>", "templateId": "7955555777700001305", "isFree": "1", "templateSwitch": "cross", "theme": {"_id": 18, "axis": {"color": "#a1a1a1 "}, "backgroundColor": "#FFFFFF", "colors": ["#5AAEF3", "#62D9AD", "#5B6E96", "#a8dffa", "#ffdc4c", "#FF974C", "#E65A56", "#6D61E4", "#4A6FE2", "#6D9AE7", "#23C2DB", "#D4EC59", "#FFE88E", "#FEB64D", "#FB6E6C"], "fonts": {"accessoryColor": "#878787", "color": "#545454", "fontFamily": "\u963f\u91cc\u5df4\u5df4\u666e\u60e0\u4f53 \u5e38\u89c4", "fontSize": "14"}, "grid": {"color": "#cccccc"}, "titleFont": {"fontSize": "36", "color": "#4c4c4c", "fontFamily": "\u963f\u91cc\u5df4\u5df4\u666e\u60e0\u4f53 \u5e38\u89c4"}, "name": "\u9ed8\u8ba4\u4e3b\u9898", "price": "0.0", "shapeColor": 1, "themeId": "18", "thumb": "https://ss1.dydata.io/v2/themes/17.png", "id": "17"}, "props": {"size": {"height": "144", "width": "461", "ratio": null, "rotate": 0}, "map": [[{"name": "\u5bf9\u8c61", "index": 0, "allowType": ["string"], "isLegend": false, "function": "objCol", "configurable": false}, {"name": "\u6570\u503c\u5217", "index": 1, "allowType": ["number"], "isLegend": false, "function": "vCol", "configurable": true}, {"name": "\u6570\u503c\u5217", "index": 2, "allowType": ["number"], "isLegend": false, "function": "vCol", "configurable": true}]], "label": {"display": false, "positionOptions": ["\u5de6\u53f3\u6392\u5217", "\u4e0a\u4e0b\u6392\u5217"], "positionChoice": "\u4e0a\u4e0b\u6392\u5217", "contentOption": ["\u540d\u79f0", "\u767e\u5206\u6bd4", "\u6570\u503c"], "contentChoice": ["\u540d\u79f0"], "suffix": "", "textLabel": {"fontSize": 14, "color": "#333333ff", "fontFamily": "\u963f\u91cc\u5df4\u5df4\u666e\u60e0\u4f53 \u5e38\u89c4"}}, "legend": {"show": false, "xPosition": "center", "yPosition": "top", "styleOptions": [], "style": "", "lineHeight": "15", "color": "#F2E8CDff", "fontFamily": ["\u963f\u91cc\u5df4\u5df4\u666e\u60e0\u4f53 \u5e38\u89c4"], "fontSize": "19"}, "axis": {"grid": {"show": "none", "gridLineWidth": "1", "color": "#DCDFE0", "lineStyle": "dashline"}, "x": {"labelShow": true, "name": "", "axisLineWidth": "1", "axisShow": false, "axisColor": "#bfbfbf", "labelDirectionOptions": ["\u81ea\u52a8", "\u6a2a\u6392", "\u7ad6\u6392"], "labelDirection": "\u81ea\u52a8", "labelAngle": "0"}, "y": {"labelShow": false, "name": "", "axisLineWidth": "1", "axisShow": false, "axisColor": "#bfbfbf", "stepOfLabel": null}, "color": "#DCDFE0"}, "pictures": {"type": "single", "svglist": ["<svg xmlns=\"http://www.w3.org/2000/svg\" height=\"100%\" preserveAspectRatio=\"none\" viewBox=\"0 0 24 24\" width=\"100%\"><path d=\"M12 4.435c-1.989-5.399-12-4.597-12 3.568 0 4.068 3.06 9.481 12 14.997 8.94-5.516 12-10.929 12-14.997 0-8.118-10-8.999-12-3.568z\"/></svg>", "<svg xmlns=\"http://www.w3.org/2000/svg\" height=\"100%\" preserveAspectRatio=\"none\" viewBox=\"0 0 24 24\" width=\"100%\"><path d=\"M12 4.435c-1.989-5.399-12-4.597-12 3.568 0 4.068 3.06 9.481 12 14.997 8.94-5.516 12-10.929 12-14.997 0-8.118-10-8.999-12-3.568z\"/></svg>"]}, "display": {"fillOpacity": "1", "iconWidthPercent": "1", "borderWidth": "2", "borderColor_static": "#4c4c4c", "iconBgColor": "#f2f2f2"}, "font": {"fontSize": "19", "color": "#F9CF36ff", "fontFamily": "\u963f\u91cc\u5df4\u5df4\u666e\u60e0\u4f53 \u5e38\u89c4"}, "tooltip": true, "colors": {"colorControlers": ["multiple", "withSingleIcon"], "list": ["#FBFE86ff", "#7586C5ff"], "type": "multiple"}, "backgroundColor": "", "titleDisplay": {"text": "\u67d0\u54c1\u724c\u4e0d\u540c\u725b\u5976\u7684\u8425\u517b\u6210\u5206\u542b\u91cf", "xPosition": "left", "yPosition": "top", "fontSize": "36", "color": "#4c4c4c", "fontFamily": "\u963f\u91cc\u5df4\u5df4\u666e\u60e0\u4f53 \u5e38\u89c4", "lineHeight": "10", "totalHeight": "39", "show": false}, "animation": {"transition": true, "duration": "2", "startDelay": "0", "endPause": "1", "moveOptions": ["\u7eb5\u5411\u5206\u7c7b\u62c9\u4f38", "\u7eb5\u5411\u5206\u7ec4\u62c9\u4f38", "\u7eb5\u5411\u540c\u6b65\u62c9\u4f38", "\u7eb5\u5411\u6574\u4f53\u62c9\u4f38", "\u6a2a\u5411\u540c\u6b65\u5c55\u5f00", "\u6a2a\u5411\u4f9d\u6b21\u5c55\u5f00", "\u5206\u7ec4\u6e10\u663e", "\u540c\u65f6\u4e0a\u6da8"], "moveStyle": "\u540c\u65f6\u4e0a\u6da8", "easeStyle": ""}, "unitDisplay": {"show": false, "text": "\u5355\u4f4d\uff1a%", "xPosition": "left", "yPosition": "top", "fontSize": "14", "color": "#F2E8CDff", "fontFamily": "\u963f\u91cc\u5df4\u5df4\u666e\u60e0\u4f53 \u5e38\u89c4", "bottomLineHeight": "15"}, "sourceDisplay": {"show": false, "text": "\u6570\u636e\u6765\u6e90\uff1a\u793a\u4f8b\u6570\u636e", "xPosition": "left", "yPosition": "bottom", "fontSize": "14", "color": "#F2E8CDff", "fontFamily": "\u963f\u91cc\u5df4\u5df4\u666e\u60e0\u4f53 \u5e38\u89c4", "topLineHeight": "15"}, "publishDisplay": {"show": false, "text": "\u955d\u6570\u51fa\u54c1", "fontSize": "14", "color": "#F2E8CDff", "fontFamily": "\u963f\u91cc\u5df4\u5df4\u666e\u60e0\u4f53 \u5e38\u89c4"}, "shadow": {"display": false, "shadowAngle": "45", "shadowBlur": "5", "shadowColor": "#c6c6c6", "shadowOpacity": "100", "shadowRadius": "3"}, "logoDisplay": {"show": false, "imgUrl": "https://ss1.dycharts.com/newchartLogo.png", "imgHeight": "32", "topLineHeight": "11", "bottomLineHeight": "15"}, "watermarkDisplay": {"show": false, "imgUrl": "https://ss1.dycharts.com/newchartWatermark.png", "imgHeight": "80", "imgWidth": "80"}, "paddings": {"top": "20", "bottom": "23", "left": "24", "right": "24", "chartBottom": "5"}, "numberFormat": {"style": "1000.00", "decimalPlaces": null}}, "function_type": ["\u6bd4\u8f83\u7c7b"], "chart_type": "\u67f1\u72b6\u56fe", "title": "\u767e\u5206\u6bd4\u5806\u53e0\u8c61\u5f62\u67f1\u56fe", "thumb": "https://image.dycharts.com/7955555777700001305.png?imageView2/2/w/500/quality/90", "gif": "https://image.dycharts.com/7955555777700001305.gif?imageView2/2/w/500/quality/90", "position": {"top": "285", "left": "-131"}}, {"projectId": "163351895223092585", "blockId": "163352015817178513", "type": "chart", "dataSrc": {"srcType": "local", "dataType": "cross-table", "data": [[["\u5206\u7c7b", "\u53d1\u75c5", "\u6b63\u5e38"], ["\u6708\u60a3\u75c5\u7387", "4.5", "95.5"]]], "url": "", "download": false}, "label": "<d-percentageStackIconBar-chart>", "templateId": "7955555777700001305", "isFree": "1", "templateSwitch": "cross", "theme": {"_id": 18, "axis": {"color": "#a1a1a1 "}, "backgroundColor": "#FFFFFF", "colors": ["#5AAEF3", "#62D9AD", "#5B6E96", "#a8dffa", "#ffdc4c", "#FF974C", "#E65A56", "#6D61E4", "#4A6FE2", "#6D9AE7", "#23C2DB", "#D4EC59", "#FFE88E", "#FEB64D", "#FB6E6C"], "fonts": {"accessoryColor": "#878787", "color": "#545454", "fontFamily": "\u963f\u91cc\u5df4\u5df4\u666e\u60e0\u4f53 \u5e38\u89c4", "fontSize": "14"}, "grid": {"color": "#cccccc"}, "titleFont": {"fontSize": "36", "color": "#4c4c4c", "fontFamily": "\u963f\u91cc\u5df4\u5df4\u666e\u60e0\u4f53 \u5e38\u89c4"}, "name": "\u9ed8\u8ba4\u4e3b\u9898", "price": "0.0", "shapeColor": 1, "themeId": "18", "thumb": "https://ss1.dydata.io/v2/themes/17.png", "id": "17"}, "props": {"size": {"height": "148", "width": "461", "ratio": null, "rotate": 0}, "map": [[{"name": "\u5bf9\u8c61", "index": 0, "allowType": ["string"], "isLegend": false, "function": "objCol", "configurable": false}, {"name": "\u6570\u503c\u5217", "index": 1, "allowType": ["number"], "isLegend": false, "function": "vCol", "configurable": true}, {"name": "\u6570\u503c\u5217", "index": 2, "allowType": ["number"], "isLegend": false, "function": "vCol", "configurable": true}]], "label": {"display": false, "positionOptions": ["\u5de6\u53f3\u6392\u5217", "\u4e0a\u4e0b\u6392\u5217"], "positionChoice": "\u4e0a\u4e0b\u6392\u5217", "contentOption": ["\u540d\u79f0", "\u767e\u5206\u6bd4", "\u6570\u503c"], "contentChoice": ["\u540d\u79f0"], "suffix": "", "textLabel": {"fontSize": 14, "color": "#333333ff", "fontFamily": "\u963f\u91cc\u5df4\u5df4\u666e\u60e0\u4f53 \u5e38\u89c4"}}, "legend": {"show": false, "xPosition": "center", "yPosition": "top", "styleOptions": [], "style": "", "lineHeight": "15", "color": "#F2E8CDff", "fontFamily": ["\u963f\u91cc\u5df4\u5df4\u666e\u60e0\u4f53 \u5e38\u89c4"], "fontSize": "19"}, "axis": {"grid": {"show": "none", "gridLineWidth": "1", "color": "#DCDFE0", "lineStyle": "dashline"}, "x": {"labelShow": true, "name": "", "axisLineWidth": "1", "axisShow": false, "axisColor": "#bfbfbf", "labelDirectionOptions": ["\u81ea\u52a8", "\u6a2a\u6392", "\u7ad6\u6392"], "labelDirection": "\u81ea\u52a8", "labelAngle": "0"}, "y": {"labelShow": false, "name": "", "axisLineWidth": "1", "axisShow": false, "axisColor": "#bfbfbf", "stepOfLabel": null}, "color": "#DCDFE0"}, "pictures": {"type": "single", "svglist": ["<svg xmlns=\"http://www.w3.org/2000/svg\" height=\"100%\" preserveAspectRatio=\"none\" viewBox=\"0 0 24 24\" width=\"100%\"><path d=\"M12 4.435c-1.989-5.399-12-4.597-12 3.568 0 4.068 3.06 9.481 12 14.997 8.94-5.516 12-10.929 12-14.997 0-8.118-10-8.999-12-3.568z\"/></svg>", "<svg xmlns=\"http://www.w3.org/2000/svg\" height=\"100%\" preserveAspectRatio=\"none\" viewBox=\"0 0 24 24\" width=\"100%\"><path d=\"M12 4.435c-1.989-5.399-12-4.597-12 3.568 0 4.068 3.06 9.481 12 14.997 8.94-5.516 12-10.929 12-14.997 0-8.118-10-8.999-12-3.568z\"/></svg>"]}, "display": {"fillOpacity": "1", "iconWidthPercent": "1", "borderWidth": "2", "borderColor_static": "#4c4c4c", "iconBgColor": "#f2f2f2"}, "font": {"fontSize": "19", "color": "#F9CF36ff", "fontFamily": "\u963f\u91cc\u5df4\u5df4\u666e\u60e0\u4f53 \u5e38\u89c4"}, "tooltip": true, "colors": {"colorControlers": ["multiple", "withSingleIcon"], "list": ["#FBFE86ff", "#7586C5ff"], "type": "multiple"}, "backgroundColor": "", "titleDisplay": {"text": "\u67d0\u54c1\u724c\u4e0d\u540c\u725b\u5976\u7684\u8425\u517b\u6210\u5206\u542b\u91cf", "xPosition": "left", "yPosition": "top", "fontSize": "36", "color": "#4c4c4c", "fontFamily": "\u963f\u91cc\u5df4\u5df4\u666e\u60e0\u4f53 \u5e38\u89c4", "lineHeight": "10", "totalHeight": "39", "show": false}, "animation": {"transition": true, "duration": "2", "startDelay": "0", "endPause": "1", "moveOptions": ["\u7eb5\u5411\u5206\u7c7b\u62c9\u4f38", "\u7eb5\u5411\u5206\u7ec4\u62c9\u4f38", "\u7eb5\u5411\u540c\u6b65\u62c9\u4f38", "\u7eb5\u5411\u6574\u4f53\u62c9\u4f38", "\u6a2a\u5411\u540c\u6b65\u5c55\u5f00", "\u6a2a\u5411\u4f9d\u6b21\u5c55\u5f00", "\u5206\u7ec4\u6e10\u663e", "\u540c\u65f6\u4e0a\u6da8"], "moveStyle": "\u540c\u65f6\u4e0a\u6da8", "easeStyle": ""}, "unitDisplay": {"show": false, "text": "\u5355\u4f4d\uff1a%", "xPosition": "left", "yPosition": "top", "fontSize": "14", "color": "#F2E8CDff", "fontFamily": "\u963f\u91cc\u5df4\u5df4\u666e\u60e0\u4f53 \u5e38\u89c4", "bottomLineHeight": "15"}, "sourceDisplay": {"show": false, "text": "\u6570\u636e\u6765\u6e90\uff1a\u793a\u4f8b\u6570\u636e", "xPosition": "left", "yPosition": "bottom", "fontSize": "14", "color": "#F2E8CDff", "fontFamily": "\u963f\u91cc\u5df4\u5df4\u666e\u60e0\u4f53 \u5e38\u89c4", "topLineHeight": "15"}, "publishDisplay": {"show": false, "text": "\u955d\u6570\u51fa\u54c1", "fontSize": "14", "color": "#F2E8CDff", "fontFamily": "\u963f\u91cc\u5df4\u5df4\u666e\u60e0\u4f53 \u5e38\u89c4"}, "shadow": {"display": false, "shadowAngle": "45", "shadowBlur": "5", "shadowColor": "#c6c6c6", "shadowOpacity": "100", "shadowRadius": "3"}, "logoDisplay": {"show": false, "imgUrl": "https://ss1.dycharts.com/newchartLogo.png", "imgHeight": "32", "topLineHeight": "11", "bottomLineHeight": "15"}, "watermarkDisplay": {"show": false, "imgUrl": "https://ss1.dycharts.com/newchartWatermark.png", "imgHeight": "80", "imgWidth": "80"}, "paddings": {"top": "20", "bottom": "23", "left": "24", "right": "24", "chartBottom": "5"}, "numberFormat": {"style": "1000.00", "decimalPlaces": null}}, "function_type": ["\u6bd4\u8f83\u7c7b"], "chart_type": "\u67f1\u72b6\u56fe", "title": "\u767e\u5206\u6bd4\u5806\u53e0\u8c61\u5f62\u67f1\u56fe", "thumb": "https://image.dycharts.com/7955555777700001305.png?imageView2/2/w/500/quality/90", "gif": "https://image.dycharts.com/7955555777700001305.gif?imageView2/2/w/500/quality/90", "position": {"top": "441", "left": "-133"}}, {"blockId": "163352032202548798", "templateId": "333333333333333333", "type": "text", "position": {"top": "52", "left": "37"}, "props": {"size": {"height": "68", "width": "260", "ratio": null, "rotate": 0}, "opacity": 100, "fontSize": "25", "fontFamily": "\u963f\u91cc\u5df4\u5df4\u666e\u60e0\u4f53 \u7c97\u4f53", "lineHeight": 1.4, "letterSpacing": 0, "color": "#F9CF36ff", "basic": {"bold": true, "underline": false, "italic": false, "deleteline": false, "align": "left"}, "template": "body", "content": "\u60a3\u75c5\u7387"}, "projectId": "163351895223092585"}, {"blockId": "163352038828880869", "templateId": "333333333333333333", "type": "text", "position": {"top": "62", "left": "121"}, "props": {"size": {"height": "68", "width": "260", "ratio": null, "rotate": 0}, "opacity": 100, "fontSize": "16", "fontFamily": "\u963f\u91cc\u5df4\u5df4\u666e\u60e0\u4f53 \u5e38\u89c4", "lineHeight": 1.4, "letterSpacing": 0, "color": "#F9CF36ff", "basic": {"bold": false, "underline": false, "italic": false, "deleteline": false, "align": "left"}, "template": "body", "content": "\u5355\u4f4d\uff1a%"}, "projectId": "163351895223092585"}, {"blockId": "163352047320450472", "templateId": "333333333333333333", "type": "text", "position": {"top": "54", "left": "354"}, "props": {"size": {"height": "68", "width": "260", "ratio": null, "rotate": 0}, "opacity": 100, "fontSize": "25", "fontFamily": "\u963f\u91cc\u5df4\u5df4\u666e\u60e0\u4f53 \u7c97\u4f53", "lineHeight": 1.4, "letterSpacing": 0, "color": "#F9CF36ff", "basic": {"bold": true, "underline": false, "italic": false, "deleteline": false, "align": "left"}, "template": "body", "content": "\u7537\u5973\u5dee\u5f02"}, "projectId": "163351895223092585"}, {"blockId": "163352055294862523", "templateId": "666666666666666666", "title": "\u56fe\u6807", "path": "", "type": "shape", "src": "<svg xmlns=\"http://www.w3.org/2000/svg\" width=\"100%\" height=\"100%\" version=\"1.1\" viewBox=\"0 0 90 90\" preserveAspectRatio=\"none\"><path d=\"M41.09,33.68c-.47.07-.93.15-1.39.24s-.91.18-1.34.3a6.47,6.47,0,0,0-1.25.52c-.4.22-.79.48-1.21.71a6.1,6.1,0,0,1,1-1,4.15,4.15,0,0,1,1.3-.64,7,7,0,0,1,1.42-.23A5.27,5.27,0,0,1,41.09,33.68Zm11.54.54a6.47,6.47,0,0,1,1.25.52c.4.22.79.48,1.21.71a6.1,6.1,0,0,0-1-1,4,4,0,0,0-1.3-.64,7,7,0,0,0-1.42-.23,5.27,5.27,0,0,0-1.43.09c.47.07.93.15,1.39.24S52.2,34.1,52.63,34.22ZM47.21,45.5A5.15,5.15,0,0,0,48,45c.22-.19.44-.38.64-.59-.26.13-.5.29-.75.42a7.51,7.51,0,0,1-.77.34l-.39.14-.4.1-.2,0-.2,0c-.14,0-.27,0-.41,0a4.22,4.22,0,0,1-1.6-.28,5.62,5.62,0,0,1-1.47-.82A3.77,3.77,0,0,0,45.48,46,4,4,0,0,0,47.21,45.5Zm-9.38-8.64a1.1,1.1,0,0,0,0,1.56,1.12,1.12,0,0,0,1.57,0,1.11,1.11,0,0,0-1.57-1.56Zm13.63,0a1.1,1.1,0,1,0,1.56,0A1.1,1.1,0,0,0,51.46,36.89ZM64.67,65v12H25.33V64.59a7.68,7.68,0,0,1,4.78-7.18A50.56,50.56,0,0,1,38.28,55a3.39,3.39,0,0,0,1.23-4.07l.09,0a17.53,17.53,0,0,1-5.23-5.17,5.64,5.64,0,0,1-4.69-4.64c-.22-1.37.16-2.51.95-2.91a1.84,1.84,0,0,1,1.45-.12,2.65,2.65,0,0,1,.92.59v-1.1c-.51-2.2-1.85-8.82-.15-11.48a.92.92,0,0,1-1.58-.9,10,10,0,0,1,1.11-2,17.55,17.55,0,0,1,7.88-5.86,2.23,2.23,0,0,1-.2-.91c0-1.9,2.43-3.44,5.44-3.44s5.43,1.54,5.43,3.44a2.38,2.38,0,0,1-.25,1,23.64,23.64,0,0,1,7.89,5.25,3.13,3.13,0,0,1,.77,1.22,11.61,11.61,0,0,1,.52,6.3,1,1,0,0,1-1.81.27l0,0s.78,4.05-.2,6.94c0,.25,0,.49,0,.7A1.48,1.48,0,0,1,59.09,38a2.06,2.06,0,0,1,1.1,1.16,5.38,5.38,0,0,1-.33,3.46,5.87,5.87,0,0,1-4.27,3.13,21.64,21.64,0,0,1-5.13,4.88l0,0,.06,0A3.7,3.7,0,0,0,51.73,55a52.57,52.57,0,0,1,7.56,2.17A8.44,8.44,0,0,1,64.67,65ZM44.31,51.54c3.59.22,7.18-2,10.69-6.48l.14-.18h.21a4.76,4.76,0,0,0,3.71-2.66,6.22,6.22,0,0,0,.4-1.54c.16-1.46-.53-1.76-.75-1.86,0,0-.42-.16-1,.49l-.8.9V39c0-2.39-.07-5.45-.28-7.79-1.53-.54-5.42-2.2-6.85-5.5a1.1,1.1,0,0,0-1.73-.43c-2.88,2.54-10,8.32-14.18,7.57V42L33,40.22a2.79,2.79,0,0,0-1.25-1.3A.91.91,0,0,0,31,39c-.36.18-.64.92-.48,2a4.73,4.73,0,0,0,4.15,3.93l.21,0,.11.18C35.07,45.16,38.77,51.21,44.31,51.54Zm7,3.69a4.19,4.19,0,0,1-1.38-4.15,7.89,7.89,0,0,1-9.84.16,3.87,3.87,0,0,1-1.35,4C39.88,56.22,45.68,60.63,51.29,55.23Z\"/></svg>", "position": {"top": "88", "left": "171"}, "shapeType": "icon", "props": {"size": {"width": "225", "height": "225", "rotate": 0, "ratio": true}, "fill": {"fillColor": ["#FFBDD0ff"]}, "shadow": {"display": false, "shadowColor": "#c6c6c6a3", "shadowRadius": 3, "shadowAngle": 45, "shadowBlur": 5, "shadowOpacity": 100}, "opacity": 100, "strokeColor": "transparent", "strokeType": "defaultd", "strokeWidth": 0, "strokeDasharray": 0, "tooltip": true, "tooltipText": "\u5973\u6027", "shadowColor": "#c6c6c6", "shadowRadius": 3, "shadowAngle": 30, "shadowBlur": 5}}, {"blockId": "163352055913432116", "templateId": "666666666666666666", "title": "\u56fe\u6807", "path": "", "type": "shape", "src": "<svg xmlns=\"http://www.w3.org/2000/svg\" width=\"100%\" height=\"100%\" version=\"1.1\" viewBox=\"0 0 90 90\" preserveAspectRatio=\"none\"><path d=\"M68.34,58.84c-.26-4.86-7-6-12.42-6.82l-.62-.1A4.22,4.22,0,0,1,52,48.86l-.08-.24-.3.15a3.71,3.71,0,0,1-1.13-4.25l-.07,0a22.09,22.09,0,0,0,5-4.82,5.84,5.84,0,0,0,4.26-3.13,5.37,5.37,0,0,0,.34-3.46A2,2,0,0,0,59,31.93a1.5,1.5,0,0,0-1.26.07v0A22.45,22.45,0,0,0,57.51,18C42.82,2.13,33.24,18,33.24,18a7.1,7.1,0,0,0-1,2.95l0-.12s-1.84,6,.57,11.67A2.45,2.45,0,0,0,32,32a1.84,1.84,0,0,0-1.45.12c-.8.4-1.17,1.54-1,2.91a5.65,5.65,0,0,0,4.7,4.64,17.34,17.34,0,0,0,5.29,5.21,3.39,3.39,0,0,1-1.16,3.9l-.3-.15-.08.24a4.22,4.22,0,0,1-3.3,3.06l-.62.1c-5.42.87-12.16,2-12.42,6.82s-.13,19.83-.13,20V79H68.47v-.22C68.47,78.67,68.59,63.65,68.34,58.84ZM22,78.59c0-1.89-.11-15.25.13-19.73a4.77,4.77,0,0,1,2.83-3.94c5.09,3.53,6.21,21.47,6.33,23.67ZM50.4,44.49h0a13.4,13.4,0,0,0,1-1h0A12,12,0,0,1,50.4,44.49ZM34.9,39l-.1-.18-.21,0a4.7,4.7,0,0,1-4.15-3.92c-.16-1.05.11-1.79.47-2a1,1,0,0,1,.47-.12,1,1,0,0,1,.29.05,2.79,2.79,0,0,1,1.25,1.3l.85,1.75V25.24l0-.13c0-.11,0-.23-.08-.34,2.94-.16,8-4.68,8-4.68.66,3.59-3,5.11-3,5.11,8.48,1.2,15.23-5.11,15.23-5.11a4.27,4.27,0,0,1,2.2,2.19c.51,1.79.72,7,.7,10.65v1.2l.79-.9c.56-.65,1-.5,1-.49.23.1.92.4.76,1.86a6.78,6.78,0,0,1-.4,1.54,4.76,4.76,0,0,1-3.71,2.66H55l-.13.17c-3.52,4.52-7.12,6.67-10.69,6.49C38.65,45.13,34.94,39.08,34.9,39Zm5.21,6.25a7.86,7.86,0,0,0,9.82-.39A4.16,4.16,0,0,0,51.2,49L45,52.16,38.81,49A3.82,3.82,0,0,0,40.11,45.27ZM45,68.33l-10.14-16a4.58,4.58,0,0,0,3.47-3.09l1.35.69a.73.73,0,0,0-.45.67v4.15a.73.73,0,0,0,1.09.63L45,52.69l-.4-.23.41.2.24-.12-.25.15,4.68,2.7a.73.73,0,0,0,1.09-.63V50.61a.73.73,0,0,0-.45-.67l1.35-.69a4.58,4.58,0,0,0,3.47,3.09ZM68,78.59H58.73c.12-2.2,1.24-20.14,6.33-23.67a4.77,4.77,0,0,1,2.83,3.94C68.13,63.34,68,76.7,68,78.59ZM44.86,40.26a3.76,3.76,0,0,1-3.08-1.51,5.92,5.92,0,0,0,1.47.82,4.21,4.21,0,0,0,1.6.27,2.83,2.83,0,0,0,.41,0l.2,0,.2,0c.13,0,.27-.05.4-.09l.39-.14c.27-.09.51-.24.77-.34s.49-.29.75-.42c-.2.2-.42.4-.64.59a5.15,5.15,0,0,1-.74.47A4.15,4.15,0,0,1,44.86,40.26Zm-6.09-9.09a1.09,1.09,0,0,1,0,1.56,1.1,1.1,0,1,1,0-1.56Zm13.63,0a1.12,1.12,0,0,1,0,1.57,1.1,1.1,0,1,1,0-1.57ZM41,29c-.29.28-3.42-1.2-4.23-1.19s-2.06.47-2.13.31c-.29-.72,1.18-1.32,2.63-1.22a26,26,0,0,1,4,.82C41.66,27.81,41.26,28.67,41,29Zm7.68,0c-.3-.28-.69-1.14-.26-1.28a26.32,26.32,0,0,1,4-.82c1.46-.11,2.93.5,2.64,1.21-.07.17-1.33-.29-2.14-.3S48.94,29.26,48.65,29Z\"/></svg>", "position": {"top": "101", "left": "425"}, "shapeType": "icon", "props": {"size": {"width": "206", "height": "206", "rotate": 0, "ratio": true}, "fill": {"fillColor": ["#FBFE86ff"]}, "shadow": {"display": false, "shadowColor": "#c6c6c6a3", "shadowRadius": 3, "shadowAngle": 45, "shadowBlur": 5, "shadowOpacity": 100}, "opacity": 100, "strokeColor": "transparent", "strokeType": "defaultd", "strokeWidth": 0, "strokeDasharray": 0, "tooltip": true, "tooltipText": "\u7537\u6027", "shadowColor": "#c6c6c6", "shadowRadius": 3, "shadowAngle": 30, "shadowBlur": 5}}, {"blockId": "163352086432785817", "templateId": "666666666666666666", "title": "\u56fe\u6807", "path": "", "type": "shape", "src": "<svg xmlns=\"http://www.w3.org/2000/svg\" width=\"100%\" height=\"100%\" version=\"1.1\" viewBox=\"0 0 300 300\" preserveAspectRatio=\"none\"><path d=\"m158.38327,149.9911l-83.00266,-148.9972l149.24145,148.9972l-149.24145,148.99712l83.00266,-148.99712z\"/></svg>", "position": {"top": "156", "left": "341"}, "shapeType": "icon", "props": {"size": {"width": "128", "height": "128", "rotate": 0, "ratio": true}, "fill": {"fillColor": ["#F2E8CDff"]}, "shadow": {"display": false, "shadowColor": "#c6c6c6", "shadowRadius": 3, "shadowAngle": 45, "shadowBlur": 5, "shadowOpacity": 100}, "opacity": 100, "strokeColor": "transparent", "strokeType": "defaultd", "strokeWidth": 0, "strokeDasharray": 0, "tooltip": true, "tooltipText": "\u5927\u4e8e", "shadowColor": "#c6c6c6", "shadowRadius": 3, "shadowAngle": 30, "shadowBlur": 5}}, {"blockId": "163352094015102217", "templateId": "333333333333333333", "type": "text", "position": {"top": "306", "left": "233"}, "props": {"size": {"height": "68", "width": "355", "ratio": null, "rotate": 0}, "opacity": 100, "fontSize": "18", "fontFamily": "\u963f\u91cc\u5df4\u5df4\u666e\u60e0\u4f53 \u5e38\u89c4", "lineHeight": 1.4, "letterSpacing": 0, "color": "#F2E8CDff", "basic": {"bold": false, "underline": false, "italic": false, "deleteline": false, "align": "left"}, "template": "body", "content": "\u6839\u636eDSM-III-R\u8bca\u65ad\u6807\u51c6\u7684\u7814\u7a76\u53d1\u73b0\uff0c\u5973\u6027\u8f83\u7537\u6027\u66f4\u6613\u5f97\u793e\u4ea4\u6050\u60e7\u75c7\u3002"}, "projectId": "163351895223092585"}, {"blockId": "163352115593390626", "templateId": "333333333333333333", "type": "text", "position": {"top": "378", "left": "353"}, "props": {"size": {"height": "68", "width": "260", "ratio": null, "rotate": 0}, "opacity": 100, "fontSize": "25", "fontFamily": "\u963f\u91cc\u5df4\u5df4\u666e\u60e0\u4f53 \u7c97\u4f53", "lineHeight": 1.4, "letterSpacing": 0, "color": "#F9CF36ff", "basic": {"bold": true, "underline": false, "italic": false, "deleteline": false, "align": "left"}, "template": "body", "content": "\u5e74\u9f84\u5206\u5e03"}, "projectId": "163351895223092585"}, {"blockId": "163352125162612442", "templateId": "666666666666666666", "title": "\u56fe\u6807", "path": "", "type": "shape", "src": "<svg xmlns=\"http://www.w3.org/2000/svg\" width=\"100%\" height=\"100%\" version=\"1.1\" viewBox=\"0 0 90 90\" preserveAspectRatio=\"none\"><path d=\"M40.05,47.19c0,1-.58,1.75-1.31,1.75s-1.31-.78-1.31-1.75.59-1.74,1.31-1.74S40.05,46.23,40.05,47.19Zm11.11-1.74c-.72,0-1.31.78-1.31,1.74s.59,1.75,1.31,1.75,1.31-.78,1.31-1.75S51.88,45.45,51.16,45.45Zm-14.5-2.57a12.08,12.08,0,0,1,3.75,0c1.15.37-.28-1.31-1.89-1.05S36.66,42.88,36.66,42.88Zm14.73-1.05c-1.62-.26-3,1.42-1.9,1.05a12.08,12.08,0,0,1,3.75,0S53,42.09,51.39,41.83ZM42,55c.11.06,2.42,1.56,6,0,0,0,.24-.11,0-.13a19.1,19.1,0,0,1-3,.42,10.26,10.26,0,0,1-3-.42S41.76,54.8,42,55ZM61.67,41.17C58.7,27.18,45.28,28,45.28,28H45a18.73,18.73,0,0,0-7,1.13.2.2,0,0,1,.06.14c0,.4,0,.78,0,1.15V31a18.61,18.61,0,0,0,.67,4.75,7.4,7.4,0,0,0,.36,1,.27.27,0,0,1,0,.09c1.51,1.41,6.82,5.41,18.2,5.72.11,1.92.15,4,.14,5.76v1.21l.81-.9c.59-.67,1-.51,1-.5a1.2,1.2,0,0,1,.69.69,4.5,4.5,0,0,1-.31,2.76,5,5,0,0,1-3.87,2.7h-.21l-.14.17a24.42,24.42,0,0,1-3.7,3.8,10.73,10.73,0,0,1-7.43,2.79,10.9,10.9,0,0,1-6.16-2.68,17.9,17.9,0,0,1-3.48-3.87l-.11-.18-.21,0a4.91,4.91,0,0,1-4.32-4c-.16-1.05.13-1.78.5-2A1.11,1.11,0,0,1,31,48.2c.93,0,1.59,1.3,1.62,1.36l.87,1.74V42c3.15-1.29,4.7-4.58,5-5.45a16.49,16.49,0,0,1-.89-4.68c0-.3,0-.6,0-.92a2.25,2.25,0,0,1,0-.26c0-.45,0-.93,0-1.42-3.82,1.52-7.91,4.81-9,11.86-2.12,14-.51,15.74-.51,15.74a48.12,48.12,0,0,0,8.45,1.36A12.43,12.43,0,0,0,44.21,62l.58,0c2.85,0,5.69-1.29,8.46-3.85,2.31-.21,4.75-.5,7.34-.91C60.59,57.23,63.92,47,61.67,41.17Z\"/></svg>", "position": {"top": "398", "left": "203"}, "shapeType": "icon", "props": {"size": {"width": "128", "height": "128", "rotate": 0, "ratio": true}, "fill": {"fillColor": ["#F38665ff"]}, "shadow": {"display": false, "shadowColor": "#c6c6c6", "shadowRadius": 3, "shadowAngle": 45, "shadowBlur": 5, "shadowOpacity": 100}, "opacity": 100, "strokeColor": "transparent", "strokeType": "defaultd", "strokeWidth": 0, "strokeDasharray": 0, "tooltip": true, "tooltipText": "\u9752\u5c11\u5e74\u5973\u6027", "shadowColor": "#c6c6c6", "shadowRadius": 3, "shadowAngle": 30, "shadowBlur": 5}}, {"blockId": "163352126184450427", "templateId": "666666666666666666", "title": "\u56fe\u6807", "path": "", "type": "shape", "src": "<svg xmlns=\"http://www.w3.org/2000/svg\" width=\"100%\" height=\"100%\" version=\"1.1\" viewBox=\"0 0 90 90\" preserveAspectRatio=\"none\"><path d=\"M38.74,47c.73,0,1.31.78,1.31,1.75s-.58,1.74-1.31,1.74-1.3-.78-1.3-1.74S38,47,38.74,47Zm11.11,1.75c0,1,.59,1.74,1.31,1.74s1.31-.78,1.31-1.74S51.88,47,51.16,47,49.85,47.77,49.85,48.74ZM38.52,43.37c-1.62.26-1.86,1.05-1.86,1.05a12.08,12.08,0,0,1,3.75,0C41.56,44.8,40.13,43.11,38.52,43.37Zm12.87,0c-1.62-.26-3,1.43-1.9,1.05a12.08,12.08,0,0,1,3.75,0S53,43.63,51.39,43.37ZM48,56.5s.25-.12,0-.13a20.52,20.52,0,0,1-2.94.42A10.31,10.31,0,0,1,42,56.37s-.24,0,0,.13S44.43,58.06,48,56.5Zm12.78-6.45a2.07,2.07,0,0,0-1.15-1.19,1.5,1.5,0,0,0-1.31.08v-.15a11.12,11.12,0,0,0,.61-3.28c.11-1.74,1.15-5.37,1-7.17-.39-4.31-2.82-6.73-11-10-1.55-.63-4.76-2.39-6.29-1.69a12.27,12.27,0,0,0-4.24,3.25c0,.29,0,.57,0,.84,0,.64.05,1.22.11,1.75,0,.33.09.63.15.91A12.32,12.32,0,0,0,39,35c.08.22.14.4.2.54.6.4.8-.16,4.32,2.85,2.32,2,6.54,1.72,13.2,1.52,0,0,.29,2,.57,4.28.1,1.92.14,4,.13,5.73v1.21l.81-.9c.59-.66,1-.51,1-.5a1.23,1.23,0,0,1,.68.7,4.45,4.45,0,0,1-.31,2.75,5,5,0,0,1-3.86,2.71h-.22L55.4,56c-3.66,4.61-7.41,6.82-11.13,6.6-5.75-.34-9.6-6.49-9.64-6.55l-.11-.18-.2,0a4.92,4.92,0,0,1-4.33-4c-.16-1,.13-1.79.5-2a1.13,1.13,0,0,1,.48-.12c.93,0,1.59,1.3,1.62,1.37l.87,1.73V45.33a16.66,16.66,0,0,1,.28-2.08c.57-2.78.21-3,1.36-5.62.4-.89,2.65-2.13,3.53-2.33a12.33,12.33,0,0,1-.51-1.9c0-.28-.1-.58-.14-.9a17,17,0,0,1-.11-2.24c-.41,0-2.71,0-5.3,3.26-1.68,2.11-.92,4.92-.65,7.06.35,2.94.3,5.52.63,7.66v1.3a2.54,2.54,0,0,0-1-.61,1.92,1.92,0,0,0-1.5.11c-.82.4-1.21,1.55-1,2.93A5.78,5.78,0,0,0,34,56.71c.7,1.08,4.51,6.46,10.24,6.81l.58,0c3.8,0,7.57-2.29,11.2-6.8a6.09,6.09,0,0,0,4.43-3.18A5.39,5.39,0,0,0,60.78,50.05Z\"/></svg>", "position": {"top": "479", "left": "201"}, "shapeType": "icon", "props": {"size": {"width": "128", "height": "128", "rotate": 0, "ratio": true}, "fill": {"fillColor": ["#F38665ff"]}, "shadow": {"display": false, "shadowColor": "#c6c6c6", "shadowRadius": 3, "shadowAngle": 45, "shadowBlur": 5, "shadowOpacity": 100}, "opacity": 100, "strokeColor": "transparent", "strokeType": "defaultd", "strokeWidth": 0, "strokeDasharray": 0, "tooltip": true, "tooltipText": "\u9752\u5c11\u5e74\u7537\u6027", "shadowColor": "#c6c6c6", "shadowRadius": 3, "shadowAngle": 30, "shadowBlur": 5}}, {"blockId": "163352157265249355", "templateId": "666666666666666666", "title": "\u56fe\u6807", "path": "", "type": "shape", "src": "<svg xmlns=\"http://www.w3.org/2000/svg\" width=\"100%\" height=\"100%\" version=\"1.1\" viewBox=\"0 0 90 90\" preserveAspectRatio=\"none\"><path d=\"M41.09,43.6c-.47.07-.93.16-1.39.24s-.91.18-1.34.31a5.58,5.58,0,0,0-1.24.51c-.41.22-.8.48-1.22.71a6,6,0,0,1,1-1,4.07,4.07,0,0,1,1.3-.65,6.44,6.44,0,0,1,1.42-.22A5.27,5.27,0,0,1,41.09,43.6Zm13,.79a4,4,0,0,0-1.31-.65,6.26,6.26,0,0,0-1.42-.22,5.2,5.2,0,0,0-1.42.08c.47.07.92.16,1.38.24s.91.18,1.34.31a5.66,5.66,0,0,1,1.25.51c.4.22.79.48,1.21.71A6,6,0,0,0,54.06,44.39Zm-7,10.73-.39.14a2.92,2.92,0,0,1-.4.1l-.2,0-.2,0a2.73,2.73,0,0,1-.41,0,4,4,0,0,1-1.6-.28,5.5,5.5,0,0,1-1.47-.82,3.77,3.77,0,0,0,3.08,1.52,4.07,4.07,0,0,0,1.73-.45A6.19,6.19,0,0,0,48,55c.22-.2.44-.39.64-.6l-.75.42A7.51,7.51,0,0,1,47.07,55.12Zm-9.23-8.34a1.1,1.1,0,0,0,1.56,1.56,1.1,1.1,0,1,0-1.56-1.56Zm13.62,0A1.1,1.1,0,1,0,53,48.37a1.09,1.09,0,0,0,0-1.56A1.1,1.1,0,0,0,51.46,46.81Zm7.06,7.43a37.84,37.84,0,0,0,.68,4.45c.24,1-.45,1-1.47,1-1.29,0-3.6,0-6,0-.41.32-.82.61-1.24.88-4.6,4.12-9,1.64-10.74.35a12.72,12.72,0,0,1-1.4-.95c-1.24,0-2.81-.13-5-.33a1.54,1.54,0,0,1-1.25-1.85A20,20,0,0,0,32.4,55,5.59,5.59,0,0,1,29.68,51c-.22-1.36.16-2.51.95-2.91A1.8,1.8,0,0,1,32.08,48a2.49,2.49,0,0,1,.92.58v-4a1.26,1.26,0,0,1-1.65-1.06,16.51,16.51,0,0,1,3-11.72c4.59-6,15.22-6,18-1.11a1.32,1.32,0,0,0,.77.62C58,32.79,59,39.2,59.24,42A1.26,1.26,0,0,1,58,43.41h-.26c.08,1.75.1,3.47.11,4.59a1.46,1.46,0,0,1,1.25-.08,2,2,0,0,1,1.11,1.16,5.34,5.34,0,0,1-.34,3.46A7.33,7.33,0,0,1,58.52,54.24Zm.54-2.1a6.23,6.23,0,0,0,.4-1.53c.17-1.46-.52-1.77-.75-1.87,0,0-.42-.15-1,.49l-.8.91V48.93c0-1.67,0-3.66-.12-5.51h-.67a1.31,1.31,0,0,1-.59-.13c-2.18-1.13-3.23-4-3.72-6a1.26,1.26,0,0,0-2-.68c-2.85,2.28-8.89,6.61-14,6.9a6.71,6.71,0,0,0-2,.67v7.72l-.85-1.75a2.81,2.81,0,0,0-1.26-1.29.71.71,0,0,0-.29-.05,1,1,0,0,0-.46.12c-.36.18-.64.91-.48,2a4.74,4.74,0,0,0,4.16,3.93l.2,0L35,55c0,.06,3.74,6.11,9.28,6.45,3.57.2,7.18-2,10.7-6.49l.13-.17h.22A4.76,4.76,0,0,0,59.06,52.14Z\"/></svg>", "position": {"top": "398", "left": "286"}, "shapeType": "icon", "props": {"size": {"width": "128", "height": "128", "rotate": 0, "ratio": true}, "fill": {"fillColor": ["#F38665ff"]}, "shadow": {"display": false, "shadowColor": "#c6c6c6", "shadowRadius": 3, "shadowAngle": 45, "shadowBlur": 5, "shadowOpacity": 100}, "opacity": 100, "strokeColor": "transparent", "strokeType": "defaultd", "strokeWidth": 0, "strokeDasharray": 0, "tooltip": true, "tooltipText": "\u6210\u4eba\u65e9\u671f\u5973\u6027", "shadowColor": "#c6c6c6", "shadowRadius": 3, "shadowAngle": 30, "shadowBlur": 5}}, {"blockId": "163352158072276620", "templateId": "666666666666666666", "title": "\u56fe\u6807", "path": "", "type": "shape", "src": "<svg xmlns=\"http://www.w3.org/2000/svg\" width=\"100%\" height=\"100%\" version=\"1.1\" viewBox=\"0 0 90 90\" preserveAspectRatio=\"none\"><path d=\"M37.2,48.18c0-1,.59-1.74,1.31-1.74s1.31.78,1.31,1.74-.58,1.75-1.31,1.75S37.2,49.15,37.2,48.18Zm13.73,1.75c.72,0,1.31-.78,1.31-1.75s-.59-1.74-1.31-1.74-1.31.78-1.31,1.74S50.2,49.93,50.93,49.93ZM40.41,44.35c1.15.37-.28-1.32-1.89-1.06s-1.86,1.06-1.86,1.06A12.08,12.08,0,0,1,40.41,44.35Zm9.08,0a12.06,12.06,0,0,1,3.75,0s-.24-.8-1.85-1.06S48.34,44.72,49.49,44.35ZM45.06,56.71A10.31,10.31,0,0,1,42,56.29s-.24,0,0,.13,2.43,1.57,6,0c0,0,.25-.11,0-.13A19.11,19.11,0,0,1,45.06,56.71Zm15.36-3.23A6.06,6.06,0,0,1,56,56.66c-3.63,4.52-7.4,6.8-11.2,6.8h-.58c-5.73-.35-9.54-5.74-10.24-6.81a5.78,5.78,0,0,1-4.88-4.75c-.21-1.37.18-2.52,1-2.92a1.88,1.88,0,0,1,1.5-.12,2.81,2.81,0,0,1,1,.61V43.55a28.66,28.66,0,0,1-.29-3.24,7.87,7.87,0,0,1,0-1.61c.17-3.45,1.32-7,5.17-7.56,0,.25-.08.5-.11.74s-.09.76-.11,1.12a15.89,15.89,0,0,0,.3,4.81l-4.06,7.28V47h1.59a3.73,3.73,0,0,1,6.72-.77h5.92a3.73,3.73,0,0,1,6.72.77h3c0-.78,0-1.57-.08-2.34l-4.38-7.83s-8.24,2.85-15,.81c0-.15-.07-.34-.11-.57a17.48,17.48,0,0,1-.13-4.34c0-.17,0-.34,0-.51s0-.37.07-.56.08-.54.13-.82c0,0,0,0,0-.05,1.76-1.52,9.5-7.45,18.34-1.92a2.4,2.4,0,0,1,.41,3.69l-.75.78a13.56,13.56,0,0,1,2.27,11c.09,1.76.11,3.48.11,4.58a1.54,1.54,0,0,1,1.31-.08A2.09,2.09,0,0,1,60.78,50,5.35,5.35,0,0,1,60.42,53.48Zm-12.63-5.3a3.08,3.08,0,1,0,3.08-3.07A3.08,3.08,0,0,0,47.79,48.18Zm-12.27,0a3.08,3.08,0,1,0,3.07-3.07A3.08,3.08,0,0,0,35.52,48.18ZM59.93,50.3a1.21,1.21,0,0,0-.68-.69s-.45-.17-1,.5L57.4,51V49.8c0-.71,0-1.48,0-2.26H54.56a3.39,3.39,0,0,1,.07.64,3.76,3.76,0,1,1-7.52,0,3.57,3.57,0,0,1,.29-1.42H42.06a3.57,3.57,0,0,1,.29,1.42,3.76,3.76,0,1,1-7.52,0,3.39,3.39,0,0,1,.07-.64H33.46v5.23L32.59,51c0-.06-.69-1.36-1.62-1.36a1.11,1.11,0,0,0-.48.11c-.37.19-.66.92-.5,2a4.92,4.92,0,0,0,4.33,4l.2,0,.11.17c0,.07,3.89,6.21,9.64,6.56,3.72.22,7.47-2,11.13-6.6l.14-.17h.22a5,5,0,0,0,3.86-2.71A4.5,4.5,0,0,0,59.93,50.3Z\"/></svg>", "position": {"top": "478", "left": "287"}, "shapeType": "icon", "props": {"size": {"width": "128", "height": "128", "rotate": 0, "ratio": true}, "fill": {"fillColor": ["#F38665ff"]}, "shadow": {"display": false, "shadowColor": "#c6c6c6", "shadowRadius": 3, "shadowAngle": 45, "shadowBlur": 5, "shadowOpacity": 100}, "opacity": 100, "strokeColor": "transparent", "strokeType": "defaultd", "strokeWidth": 0, "strokeDasharray": 0, "tooltip": true, "tooltipText": "\u6210\u4eba\u65e9\u671f\u7537\u6027", "shadowColor": "#c6c6c6", "shadowRadius": 3, "shadowAngle": 30, "shadowBlur": 5}}, {"blockId": "163352212130814854", "templateId": "333333333333333333", "type": "text", "position": {"top": "442", "left": "398"}, "props": {"size": {"height": "132", "width": "186", "ratio": null, "rotate": 0}, "opacity": 100, "fontSize": "18", "fontFamily": "\u963f\u91cc\u5df4\u5df4\u666e\u60e0\u4f53 \u5e38\u89c4", "lineHeight": 1.4, "letterSpacing": 0, "color": "#F2E8CDff", "basic": {"bold": false, "underline": false, "italic": false, "deleteline": false, "align": "left"}, "template": "body", "content": "\u793e\u4ea4\u6050\u60e7\u75c7\u901a\u5e38\u8d77\u75c5\u4e8e17~30\u5c81\uff0c\u5e73\u5747\u53d1\u75c5\u5e74\u9f84\u4e3a15\u5c81\uff0c\u4e3b\u8981\u662f\u9752\u5c11\u5e74\u671f\u548c\u6210\u4eba\u65e9\u671f\uff1b\u75be\u75c5\u7684\u75c5\u7a0b\u5e38\u5448\u6162\u6027\u3002"}, "projectId": "163351895223092585"}, {"blockId": "163352261441452624", "templateId": "333333333333333333", "type": "text", "position": {"top": "55", "left": "661"}, "props": {"size": {"height": "68", "width": "260", "ratio": null, "rotate": 0}, "opacity": 100, "fontSize": "25", "fontFamily": "\u963f\u91cc\u5df4\u5df4\u666e\u60e0\u4f53 \u7c97\u4f53", "lineHeight": 1.4, "letterSpacing": 0, "color": "#F9CF36ff", "basic": {"bold": true, "underline": false, "italic": false, "deleteline": false, "align": "left"}, "template": "body", "content": "\u5e38\u89c1\u5171\u75c5"}, "projectId": "163351895223092585"}, {"projectId": "163351895223092585", "blockId": "163352305231738589", "type": "chart", "dataSrc": {"srcType": "local", "dataType": "object-table", "data": [[["\u540d\u79f0", "\u60a3\u75c5\u7387"], ["\u60c5\u611f\u969c\u788d", "41.1"]]], "url": "", "download": false}, "label": "<d-progress-round-pie-chart>", "templateId": "154778171740391769", "templateSwitch": "key-value", "theme": {"_id": 18, "axis": {"color": "#a1a1a1"}, "backgroundColor": "#FFFFFF", "colors": ["#5AAEF3", "#62D9AD", "#5B6E96", "#a8dffa", "#ffdc4c", "#FF974C", "#E65A56", "#6D61E4", "#4A6FE2", "#6D9AE7", "#23C2DB", "#D4EC59", "#FFE88E", "#FEB64D", "#FB6E6C"], "fonts": {"fontSize": "14", "color": "#545454", "fontFamily": "\u963f\u91cc\u5df4\u5df4\u666e\u60e0\u4f53 \u5e38\u89c4", "accessoryColor": "#878787"}, "grid": {"color": "#ccc"}, "titleFont": {"fontSize": "36", "color": "#4c4c4c", "fontFamily": "\u963f\u91cc\u5df4\u5df4\u666e\u60e0\u4f53 \u5e38\u89c4"}, "name": "\u9ed8\u8ba4\u4e3b\u9898", "price": 0, "shapeColor": 1, "themeId": "18", "thumb": "https://ss1.dydata.io/v2/themes/18.png", "id": "17"}, "props": {"size": {"height": 168, "width": 207, "ratio": 0.8115942028985508, "rotate": 0}, "numberFormat": {"style": "1000.00", "decimalPlaces": null}, "display": {"innerRadiusRatio": 0.8, "processStartAngle": "0", "rotateDirection": "clockwise", "processCornerRadius": 30, "bgBorderWidth": "0", "bgBorderColor": null, "bgColor": "#f0f3f2ff", "processGapPercentage": "0"}, "label": {"numberLabel": {"show": true, "fontSize": "18", "color": "#F2E8CDff", "fontFamily": "\u963f\u91cc\u5df4\u5df4\u666e\u60e0\u4f53 \u4e2d\u7b49"}, "textLabel": {"show": false, "fontSize": "14", "color": "#545454", "fontFamily": "\u963f\u91cc\u5df4\u5df4\u666e\u60e0\u4f53 \u5e38\u89c4"}}, "map": [[{"name": "\u540d\u79f0", "index": 0, "allowType": ["string"], "isLegend": true, "function": "objCol", "configurable": false}, {"name": "\u503c", "index": 1, "allowType": ["number"], "isLegend": false, "function": "vCol", "configurable": false}]], "shadow": {"display": false, "shadowAngle": "45", "shadowBlur": "5", "shadowColor": "#c6c6c6", "shadowOpacity": "100", "shadowRadius": "3"}, "legend": {"show": true, "xPosition": "center", "yPosition": "bottom", "styleOptions": [], "style": "", "lineHeight": "15", "color": "#F2E8CDff", "fontFamily": ["\u963f\u91cc\u5df4\u5df4\u666e\u60e0\u4f53 \u5e38\u89c4"], "fontSize": "14"}, "font": {"fontSize": "14", "color": "#545454", "fontFamily": "\u963f\u91cc\u5df4\u5df4\u666e\u60e0\u4f53 \u5e38\u89c4"}, "tooltip": true, "colors": {"colorControlers": ["multiple"], "type": "multiple", "list": [4]}, "backgroundColor": "", "titleDisplay": {"text": "\u67d0APP\u9879\u76ee\u5f00\u53d1\u8fdb\u5ea6", "xPosition": "left", "yPosition": "top", "fontSize": "36", "color": "#4c4c4c", "fontFamily": "\u963f\u91cc\u5df4\u5df4\u666e\u60e0\u4f53 \u5e38\u89c4", "lineHeight": "10", "totalHeight": "39", "show": false}, "animation": {"transition": true, "duration": "2", "startDelay": "0", "endPause": "1", "moveOptions": ["\u8f6e\u5b50"], "moveStyle": "\u8f6e\u5b50", "easeStyle": ""}, "unitDisplay": {"show": false, "text": "\u5355\u4f4d\uff1a", "xPosition": "left", "yPosition": "top", "fontSize": "14", "color": "#F2E8CDff", "fontFamily": "\u963f\u91cc\u5df4\u5df4\u666e\u60e0\u4f53 \u5e38\u89c4", "bottomLineHeight": "15"}, "sourceDisplay": {"show": false, "text": "\u6570\u636e\u6765\u6e90\uff1a\u793a\u4f8b\u6570\u636e", "xPosition": "left", "yPosition": "bottom", "fontSize": "14", "color": "#F2E8CDff", "fontFamily": "\u963f\u91cc\u5df4\u5df4\u666e\u60e0\u4f53 \u5e38\u89c4", "topLineHeight": "15"}, "publishDisplay": {"show": true, "text": "\u955d\u6570\u51fa\u54c1", "fontSize": "14", "color": "#F2E8CDff", "fontFamily": "\u963f\u91cc\u5df4\u5df4\u666e\u60e0\u4f53 \u5e38\u89c4"}, "logoDisplay": {"show": true, "imgUrl": "https://ss1.dydata.io/newchartLogo.png", "imgHeight": "32", "topLineHeight": "11", "bottomLineHeight": "15"}, "watermarkDisplay": {"show": false, "imgUrl": "https://ss1.dydata.io/newchartWatermark.png", "imgHeight": "80", "imgWidth": "80"}, "paddings": {"top": "20", "bottom": "23", "left": "24", "right": "24", "chartBottom": "5"}}, "function_type": ["\u5360\u6bd4\u7c7b"], "chart_type": "\u4eea\u8868\u76d8", "title": "\u5706\u73af\u8fdb\u5ea6\u56fe", "thumb": "https://image.dycharts.com/progresscircle.jpg?imageView2/2/w/500/quality/90", "isFree": "0", "gif": "https://image.dycharts.com/154778171740391769.gif?imageView2/2/w/500/quality/90", "position": {"top": "103", "left": "608"}}, {"projectId": "163351895223092585", "blockId": "163352312201528874", "type": "chart", "dataSrc": {"srcType": "local", "dataType": "object-table", "data": [[["\u540d\u79f0", "\u60a3\u75c5\u7387"], ["\u5176\u4ed6\u7126\u8651\u969c\u788d", "56.9"]]], "url": "", "download": false}, "label": "<d-progress-round-pie-chart>", "templateId": "154778171740391769", "templateSwitch": "key-value", "theme": {"_id": 18, "axis": {"color": "#a1a1a1"}, "backgroundColor": "#FFFFFF", "colors": ["#5AAEF3", "#62D9AD", "#5B6E96", "#a8dffa", "#ffdc4c", "#FF974C", "#E65A56", "#6D61E4", "#4A6FE2", "#6D9AE7", "#23C2DB", "#D4EC59", "#FFE88E", "#FEB64D", "#FB6E6C"], "fonts": {"fontSize": "14", "color": "#545454", "fontFamily": "\u963f\u91cc\u5df4\u5df4\u666e\u60e0\u4f53 \u5e38\u89c4", "accessoryColor": "#878787"}, "grid": {"color": "#ccc"}, "titleFont": {"fontSize": "36", "color": "#4c4c4c", "fontFamily": "\u963f\u91cc\u5df4\u5df4\u666e\u60e0\u4f53 \u5e38\u89c4"}, "name": "\u9ed8\u8ba4\u4e3b\u9898", "price": 0, "shapeColor": 1, "themeId": "18", "thumb": "https://ss1.dydata.io/v2/themes/18.png", "id": "17"}, "props": {"size": {"height": "168", "width": "207", "ratio": null, "rotate": 0}, "numberFormat": {"style": "1000.00", "decimalPlaces": null}, "display": {"innerRadiusRatio": 0.8, "processStartAngle": "0", "rotateDirection": "clockwise", "processCornerRadius": 30, "bgBorderWidth": "0", "bgBorderColor": null, "bgColor": "#f0f3f2ff", "processGapPercentage": "0"}, "label": {"numberLabel": {"show": true, "fontSize": "18", "color": "#F2E8CDff", "fontFamily": "\u963f\u91cc\u5df4\u5df4\u666e\u60e0\u4f53 \u4e2d\u7b49"}, "textLabel": {"show": false, "fontSize": "14", "color": "#545454", "fontFamily": "\u963f\u91cc\u5df4\u5df4\u666e\u60e0\u4f53 \u5e38\u89c4"}}, "map": [[{"name": "\u540d\u79f0", "index": 0, "allowType": ["string"], "isLegend": true, "function": "objCol", "configurable": false}, {"name": "\u503c", "index": 1, "allowType": ["number"], "isLegend": false, "function": "vCol", "configurable": false}]], "shadow": {"display": false, "shadowAngle": "45", "shadowBlur": "5", "shadowColor": "#c6c6c6", "shadowOpacity": "100", "shadowRadius": "3"}, "legend": {"show": true, "xPosition": "center", "yPosition": "bottom", "styleOptions": [], "style": "", "lineHeight": "15", "color": "#F2E8CDff", "fontFamily": ["\u963f\u91cc\u5df4\u5df4\u666e\u60e0\u4f53 \u5e38\u89c4"], "fontSize": "14"}, "font": {"fontSize": "14", "color": "#545454", "fontFamily": "\u963f\u91cc\u5df4\u5df4\u666e\u60e0\u4f53 \u5e38\u89c4"}, "tooltip": true, "colors": {"colorControlers": ["multiple"], "type": "multiple", "list": [4]}, "backgroundColor": "", "titleDisplay": {"text": "\u67d0APP\u9879\u76ee\u5f00\u53d1\u8fdb\u5ea6", "xPosition": "left", "yPosition": "top", "fontSize": "36", "color": "#4c4c4c", "fontFamily": "\u963f\u91cc\u5df4\u5df4\u666e\u60e0\u4f53 \u5e38\u89c4", "lineHeight": "10", "totalHeight": "39", "show": false}, "animation": {"transition": true, "duration": "2", "startDelay": "0", "endPause": "1", "moveOptions": ["\u8f6e\u5b50"], "moveStyle": "\u8f6e\u5b50", "easeStyle": ""}, "unitDisplay": {"show": false, "text": "\u5355\u4f4d\uff1a", "xPosition": "left", "yPosition": "top", "fontSize": "14", "color": "#F2E8CDff", "fontFamily": "\u963f\u91cc\u5df4\u5df4\u666e\u60e0\u4f53 \u5e38\u89c4", "bottomLineHeight": "15"}, "sourceDisplay": {"show": false, "text": "\u6570\u636e\u6765\u6e90\uff1a\u793a\u4f8b\u6570\u636e", "xPosition": "left", "yPosition": "bottom", "fontSize": "14", "color": "#F2E8CDff", "fontFamily": "\u963f\u91cc\u5df4\u5df4\u666e\u60e0\u4f53 \u5e38\u89c4", "topLineHeight": "15"}, "publishDisplay": {"show": true, "text": "\u955d\u6570\u51fa\u54c1", "fontSize": "14", "color": "#F2E8CDff", "fontFamily": "\u963f\u91cc\u5df4\u5df4\u666e\u60e0\u4f53 \u5e38\u89c4"}, "logoDisplay": {"show": true, "imgUrl": "https://ss1.dydata.io/newchartLogo.png", "imgHeight": "32", "topLineHeight": "11", "bottomLineHeight": "15"}, "watermarkDisplay": {"show": false, "imgUrl": "https://ss1.dydata.io/newchartWatermark.png", "imgHeight": "80", "imgWidth": "80"}, "paddings": {"top": "20", "bottom": "23", "left": "24", "right": "24", "chartBottom": "5"}}, "function_type": ["\u5360\u6bd4\u7c7b"], "chart_type": "\u4eea\u8868\u76d8", "title": "\u5706\u73af\u8fdb\u5ea6\u56fe", "thumb": "https://image.dycharts.com/progresscircle.jpg?imageView2/2/w/500/quality/90", "isFree": "0", "gif": "https://image.dycharts.com/154778171740391769.gif?imageView2/2/w/500/quality/90", "position": {"top": "261", "left": "608"}}, {"projectId": "163351895223092585", "blockId": "163352315645228202", "type": "chart", "dataSrc": {"srcType": "local", "dataType": "object-table", "data": [[["\u540d\u79f0", "\u8fdb\u5ea6"], ["\u7269\u8d28\u6ee5\u7528", "36.9"]]], "url": "", "download": false}, "label": "<d-progress-round-pie-chart>", "templateId": "154778171740391769", "templateSwitch": "key-value", "theme": {"_id": 18, "axis": {"color": "#a1a1a1"}, "backgroundColor": "#FFFFFF", "colors": ["#5AAEF3", "#62D9AD", "#5B6E96", "#a8dffa", "#ffdc4c", "#FF974C", "#E65A56", "#6D61E4", "#4A6FE2", "#6D9AE7", "#23C2DB", "#D4EC59", "#FFE88E", "#FEB64D", "#FB6E6C"], "fonts": {"fontSize": "14", "color": "#545454", "fontFamily": "\u963f\u91cc\u5df4\u5df4\u666e\u60e0\u4f53 \u5e38\u89c4", "accessoryColor": "#878787"}, "grid": {"color": "#ccc"}, "titleFont": {"fontSize": "36", "color": "#4c4c4c", "fontFamily": "\u963f\u91cc\u5df4\u5df4\u666e\u60e0\u4f53 \u5e38\u89c4"}, "name": "\u9ed8\u8ba4\u4e3b\u9898", "price": 0, "shapeColor": 1, "themeId": "18", "thumb": "https://ss1.dydata.io/v2/themes/18.png", "id": "17"}, "props": {"size": {"height": "168", "width": "207", "ratio": 0.8115942028985508, "rotate": 0}, "numberFormat": {"style": "1000.00", "decimalPlaces": null}, "display": {"innerRadiusRatio": 0.8, "processStartAngle": "0", "rotateDirection": "clockwise", "processCornerRadius": 30, "bgBorderWidth": "0", "bgBorderColor": null, "bgColor": "#f0f3f2ff", "processGapPercentage": "0"}, "label": {"numberLabel": {"show": true, "fontSize": "18", "color": "#F2E8CDff", "fontFamily": "\u963f\u91cc\u5df4\u5df4\u666e\u60e0\u4f53 \u4e2d\u7b49"}, "textLabel": {"show": false, "fontSize": "14", "color": "#545454", "fontFamily": "\u963f\u91cc\u5df4\u5df4\u666e\u60e0\u4f53 \u5e38\u89c4"}}, "map": [[{"name": "\u540d\u79f0", "index": 0, "allowType": ["string"], "isLegend": true, "function": "objCol", "configurable": false}, {"name": "\u503c", "index": 1, "allowType": ["number"], "isLegend": false, "function": "vCol", "configurable": false}]], "shadow": {"display": false, "shadowAngle": "45", "shadowBlur": "5", "shadowColor": "#c6c6c6", "shadowOpacity": "100", "shadowRadius": "3"}, "legend": {"show": true, "xPosition": "center", "yPosition": "bottom", "styleOptions": [], "style": "", "lineHeight": "15", "color": "#F2E8CDff", "fontFamily": ["\u963f\u91cc\u5df4\u5df4\u666e\u60e0\u4f53 \u5e38\u89c4"], "fontSize": "14"}, "font": {"fontSize": "14", "color": "#545454", "fontFamily": "\u963f\u91cc\u5df4\u5df4\u666e\u60e0\u4f53 \u5e38\u89c4"}, "tooltip": true, "colors": {"colorControlers": ["multiple"], "type": "multiple", "list": [4]}, "backgroundColor": "", "titleDisplay": {"text": "\u67d0APP\u9879\u76ee\u5f00\u53d1\u8fdb\u5ea6", "xPosition": "left", "yPosition": "top", "fontSize": "36", "color": "#4c4c4c", "fontFamily": "\u963f\u91cc\u5df4\u5df4\u666e\u60e0\u4f53 \u5e38\u89c4", "lineHeight": "10", "totalHeight": "39", "show": false}, "animation": {"transition": true, "duration": "2", "startDelay": "0", "endPause": "1", "moveOptions": ["\u8f6e\u5b50"], "moveStyle": "\u8f6e\u5b50", "easeStyle": ""}, "unitDisplay": {"show": false, "text": "\u5355\u4f4d\uff1a", "xPosition": "left", "yPosition": "top", "fontSize": "14", "color": "#878787", "fontFamily": "\u963f\u91cc\u5df4\u5df4\u666e\u60e0\u4f53 \u5e38\u89c4", "bottomLineHeight": "15"}, "sourceDisplay": {"show": false, "text": "\u6570\u636e\u6765\u6e90\uff1a\u793a\u4f8b\u6570\u636e", "xPosition": "left", "yPosition": "bottom", "fontSize": "14", "color": "#878787", "fontFamily": "\u963f\u91cc\u5df4\u5df4\u666e\u60e0\u4f53 \u5e38\u89c4", "topLineHeight": "15"}, "publishDisplay": {"show": true, "text": "\u955d\u6570\u51fa\u54c1", "fontSize": "14", "color": "#878787", "fontFamily": "\u963f\u91cc\u5df4\u5df4\u666e\u60e0\u4f53 \u5e38\u89c4"}, "logoDisplay": {"show": true, "imgUrl": "https://ss1.dydata.io/newchartLogo.png", "imgHeight": "32", "topLineHeight": "11", "bottomLineHeight": "15"}, "watermarkDisplay": {"show": false, "imgUrl": "https://ss1.dydata.io/newchartWatermark.png", "imgHeight": "80", "imgWidth": "80"}, "paddings": {"top": "20", "bottom": "23", "left": "24", "right": "24", "chartBottom": "5"}}, "function_type": ["\u5360\u6bd4\u7c7b"], "chart_type": "\u4eea\u8868\u76d8", "title": "\u5706\u73af\u8fdb\u5ea6\u56fe", "thumb": "https://image.dycharts.com/progresscircle.jpg?imageView2/2/w/500/quality/90", "isFree": "0", "gif": "https://image.dycharts.com/154778171740391769.gif?imageView2/2/w/500/quality/90", "position": {"top": "435", "left": "609"}}, {"blockId": "163352386352914008", "templateId": "333333333333333333", "type": "text", "position": {"top": "594", "left": "20"}, "props": {"size": {"height": "68", "width": "659", "ratio": null, "rotate": 0}, "opacity": 100, "fontSize": "16", "fontFamily": "\u963f\u91cc\u5df4\u5df4\u666e\u60e0\u4f53 \u5e38\u89c4", "lineHeight": 1.4, "letterSpacing": 0, "color": "#F9CF36ff", "basic": {"bold": false, "underline": false, "italic": false, "deleteline": false, "align": "left"}, "template": "body", "content": "\u6570\u636e\u6765\u6e90\uff1aStein MB, Stein DJ. Social anxiety disorder. Lancet 2008;371(9618)1115\u201325. \n                  \u300a\u767e\u5ea6\u5065\u5eb7\u533b\u5178\u300b"}, "projectId": "163351895223092585"}]}], "theme": {"_id": 18, "axis": {"color": "#a1a1a1"}, "backgroundColor": "#FFFFFF", "colors": ["#5AAEF3", "#62D9AD", "#5B6E96", "#a8dffa", "#ffdc4c", "#FF974C", "#E65A56", "#6D61E4", "#4A6FE2", "#6D9AE7", "#23C2DB", "#D4EC59", "#FFE88E", "#FEB64D", "#FB6E6C"], "fonts": {"fontSize": "14", "color": "#545454", "fontFamily": "\u963f\u91cc\u5df4\u5df4\u666e\u60e0\u4f53 \u5e38\u89c4", "accessoryColor": "#878787"}, "grid": {"color": "#ccc"}, "titleFont": {"fontSize": "36", "color": "#4c4c4c", "fontFamily": "\u963f\u91cc\u5df4\u5df4\u666e\u60e0\u4f53 \u5e38\u89c4"}, "name": "\u9ed8\u8ba4\u4e3b\u9898", "price": 0, "shapeColor": 1, "themeId": "18", "thumb": "https://ss1.dydata.io/v2/themes/18.png", "id": "17"}}}, "official": false, "refresh_rate": 0, "thumb": "https://image.dycharts.com/a098349c28cb11ec9ed000163e0e6ea9?imageView2/2/w/500/quality/90", "share_image": "", "origin": "", "ctor_lv": null}, "redirectUrl": null}