{"resultCode": 1000, "message": "success", "data": {"id": "163263711215780929", "user": {"avatar": "http://thirdwx.qlogo.cn/mmopen/pBYbU4lGPiayDQveEJYjFnubPlYXZ6CzEibQ3f5Vp05yBmnianozoOUulIgeowibx8wZrRFv9dPRxSBzKctIJP3wfGW314mVIaXI/132", "nickname": "oy\u0505", "loginname": "WEIXIN_163107952911817924", "info": ""}, "title": "\u5176\u4ed6\u75c5 \u5df2\u4ed8", "like": 0, "view": 0, "modify_time": "2021/10/10", "description": null, "theme": null, "article": {"contents": {"design": {"backgroundColor": "#26325Cff", "height": "474", "width": 750, "sizeType": "A4", "ratio": null}, "pages": [{"pageId": "163263493313779492", "templateId": "7612096174443355101", "design": null, "blocks": [{"projectId": "163263711215780929", "blockId": "163263521038653052", "type": "chart", "dataSrc": {"srcType": "local", "dataType": "cross-table", "data": [[["", "\u6291\u90c1\u75c7", "\u7126\u8651\u75c7", "\u62d6\u5ef6\u75c7", "\u9009\u62e9\u56f0\u96be\u75c7", "\u5f3a\u8feb\u75c7", "\u7cbe\u795e\u5206\u88c2", "\u61d2\u764c"], ["\u8c46\u74e3\u524d\u5341\u5c0f\u7ec4\u4eba\u6570", "67989", "25732", "250061", "21620", "234115", "34196", "274"], ["\u77e5\u4e4e\u524d\u5341\u8bdd\u9898\u8ba8\u8bba\u6570", "784526", "127115", "95544", "18000", "148551", "85898", "94000"], ["\u5fae\u535a\u524d\u5341\u8bdd\u9898\u8ba8\u8bba\u91cf", "3155000", "470000", "548000", "157459", "1324000", "122436", "347000"]]], "url": "", "download": false}, "label": "<d-stackRadialBar-chart>", "templateId": "7955555777700001307", "isFree": "1", "templateSwitch": "cross", "theme": {"_id": 11, "axis": {"color": "#313131"}, "backgroundColor": "#FFFFFF", "colors": ["#00aeef", "#c759a1", "#5552a3", "#00bef3", "#d07cb3", "#6a65ad", "#6ecff6", "#dda6cc", "#908ac2", "#afe2fa", "#e7c4dd", "#b5b1d8", "#d2eefc", "#f0ddec", "#d5d2ea"], "fonts": {"fontSize": "14", "color": "#545454", "fontFamily": "\u963f\u91cc\u5df4\u5df4\u666e\u60e0\u4f53 \u5e38\u89c4", "accessoryColor": "#878787"}, "grid": {"color": "#ccc"}, "titleFont": {"fontSize": "36", "color": "#4c4c4c", "fontFamily": "\u963f\u91cc\u5df4\u5df4\u666e\u60e0\u4f53 \u5e38\u89c4"}, "name": "\u65f6\u5c1a\u84dd\u7d2b", "price": 0, "shapeColor": 1, "themeId": "0", "thumb": "http://ss1.dydata.io/v2/themes/0.png", "id": "0"}, "props": {"size": {"height": "472", "width": 750, "ratio": null, "rotate": 0}, "map": [[{"name": "\u5bf9\u8c61", "index": 0, "allowType": ["string"], "isLegend": false, "function": "objCol", "configurable": false}, {"name": "\u6570\u503c\u5217", "index": 1, "allowType": ["number"], "isLegend": false, "function": "vCol", "configurable": true}, {"name": "\u6570\u503c\u5217", "index": 2, "allowType": ["number"], "isLegend": false, "function": "vCol", "configurable": true}, {"name": "\u6570\u503c\u5217", "index": 3, "allowType": ["number"], "isLegend": false, "function": "vCol", "configurable": true}, {"name": "\u6570\u503c\u5217", "index": 4, "allowType": ["number"], "isLegend": false, "function": "vCol", "configurable": true}, {"name": "\u6570\u503c\u5217", "index": 5, "allowType": ["number"], "isLegend": false, "function": "vCol", "configurable": true}, {"name": "\u6570\u503c\u5217", "index": 6, "allowType": ["number"], "isLegend": false, "function": "vCol", "configurable": true}, {"name": "\u6570\u503c\u5217", "index": 7, "allowType": ["number"], "isLegend": false, "function": "vCol", "configurable": true}]], "label": {"textLabel": {"show": true, "fontSize": "14", "color": "#F9CF36ff", "fontFamily": "\u963f\u91cc\u5df4\u5df4\u666e\u60e0\u4f53 \u5e38\u89c4"}, "numberLabel": {"show": true, "fontSize": "14", "color": "#F2E8CDff", "fontFamily": "\u963f\u91cc\u5df4\u5df4\u666e\u60e0\u4f53 \u5e38\u89c4", "positionOptions": ["\u5185\u90e8\u5c45\u5de6", "\u5185\u90e8\u5c45\u4e2d", "\u5185\u90e8\u5c45\u53f3"], "positionChoice": "\u5185\u90e8\u5c45\u4e2d", "suffix": ""}}, "legend": {"show": true, "xPosition": "center", "yPosition": "bottom", "styleOptions": [], "style": "", "lineHeight": "15", "color": "#F9CF36ff", "fontFamily": "\u963f\u91cc\u5df4\u5df4\u666e\u60e0\u4f53 \u5e38\u89c4", "fontSize": "14"}, "axis": {"axistype": "polar", "grid": {"show": "none", "gridLineWidth": "1", "color": "#ccc", "lineStyle": "dashline"}, "circular": {"labelShow": false, "axisLineWidth": "1", "axisShow": false, "axisColor": "#bfbfbf", "labelDirectionOptions": ["\u6c34\u5e73", "\u5468\u5411", "\u5f84\u5411"], "labelDirection": "\u5468\u5411", "labelSuffix": "", "stepOfLabel": null}, "radial": {"labelShow": false, "axisLineWidth": "1", "axisShow": false, "axisColor": "#bfbfbf", "labelAngle": "0", "labelDirectionOptions": ["\u6a2a\u6392", "\u7ad6\u6392"], "labelDirection": "\u6a2a\u6392"}, "color": "#313131"}, "display": {"fillOpacity": "1", "barWidthPercent": "0.7", "startAngleChoice": "0", "rotateDirection": "clockwise", "totalAngle": "270", "borderWidth": "0", "borderColor": "#FFFFFF"}, "font": {"fontSize": "14", "color": "#545454", "fontFamily": "\u963f\u91cc\u5df4\u5df4\u666e\u60e0\u4f53 \u5e38\u89c4"}, "tooltip": true, "colors": {"colorControlers": ["multiple"], "type": "multiple", "list": [0, 1, 2, 3, 4, 5, 6]}, "backgroundColor": "", "titleDisplay": {"text": "\u5e38\u89c1\u793e\u4f1a\u5fc3\u7406\u75c5\u75c7\u7684\u516c\u4f17\u5173\u6ce8", "xPosition": "center", "yPosition": "top", "fontSize": "25", "color": "#F9CF36ff", "fontFamily": "\u963f\u91cc\u5df4\u5df4\u666e\u60e0\u4f53 \u5e38\u89c4", "lineHeight": "10", "totalHeight": "28", "show": true}, "animation": {"transition": true, "duration": "2", "startDelay": "0", "endPause": "1", "moveOptions": ["\u540c\u6b65\u62c9\u4f38", "\u5206\u7c7b\u62c9\u4f38", "\u5206\u7ec4\u62c9\u4f38"], "moveStyle": "\u540c\u6b65\u62c9\u4f38", "easeStyle": ""}, "unitDisplay": {"show": true, "text": "\u5355\u4f4d\uff1a\u4e2a", "xPosition": "left", "yPosition": "top", "fontSize": "14", "color": "#F9CF36ff", "fontFamily": "\u963f\u91cc\u5df4\u5df4\u666e\u60e0\u4f53 \u5e38\u89c4", "bottomLineHeight": "15"}, "sourceDisplay": {"show": true, "text": "\u6570\u636e\u6765\u6e90\uff1a\u5fae\u535a\u3001\u77e5\u4e4e\u3001\u8c46\u74e3\u76f8\u5173\u8bdd\u9898\uff08\u622a\u6b622021\u5e749\u670826\u65e5\uff09", "xPosition": "left", "yPosition": "bottom", "fontSize": "14", "color": "#F9CF36ff", "fontFamily": "\u963f\u91cc\u5df4\u5df4\u666e\u60e0\u4f53 \u5e38\u89c4", "topLineHeight": "15"}, "publishDisplay": {"show": false, "text": "\u955d\u6570\u51fa\u54c1", "fontSize": "14", "color": "#F9CF36ff", "fontFamily": "\u963f\u91cc\u5df4\u5df4\u666e\u60e0\u4f53 \u5e38\u89c4"}, "logoDisplay": {"show": false, "imgUrl": "https://ss1.dycharts.com/newchartLogo.png", "imgHeight": "32", "topLineHeight": "11", "bottomLineHeight": "15"}, "watermarkDisplay": {"show": false, "imgUrl": "https://ss1.dycharts.com/newchartWatermark.png", "imgHeight": "80", "imgWidth": "80"}, "paddings": {"top": "20", "bottom": "23", "left": "24", "right": "24", "chartBottom": "5"}, "numberFormat": {"style": "1000.00", "decimalPlaces": null}}, "function_type": ["\u6bd4\u8f83\u7c7b"], "chart_type": "\u6781\u5750\u6807\u56fe", "title": "\u5806\u53e0\u7389\u73a6\u56fe", "thumb": "https://image.dycharts.com/7955555777700001307.png?imageView2/2/w/500/quality/90", "gif": "https://image.dycharts.com/7955555777700001307.gif?imageView2/2/w/500/quality/90", "price": 2, "position": {"top": 0, "left": 0}}]}], "theme": {"_id": 11, "axis": {"color": "#313131"}, "backgroundColor": "#FFFFFF", "colors": ["#00aeef", "#c759a1", "#5552a3", "#00bef3", "#d07cb3", "#6a65ad", "#6ecff6", "#dda6cc", "#908ac2", "#afe2fa", "#e7c4dd", "#b5b1d8", "#d2eefc", "#f0ddec", "#d5d2ea"], "fonts": {"fontSize": "14", "color": "#545454", "fontFamily": "\u963f\u91cc\u5df4\u5df4\u666e\u60e0\u4f53 \u5e38\u89c4", "accessoryColor": "#878787"}, "grid": {"color": "#ccc"}, "titleFont": {"fontSize": "36", "color": "#4c4c4c", "fontFamily": "\u963f\u91cc\u5df4\u5df4\u666e\u60e0\u4f53 \u5e38\u89c4"}, "name": "\u65f6\u5c1a\u84dd\u7d2b", "price": 0, "shapeColor": 1, "themeId": "0", "thumb": "http://ss1.dydata.io/v2/themes/0.png", "id": "0"}}}, "refresh_rate": 0, "thumb": "https://image.dycharts.com/2e5593e2298f11eca00600163e0e6ea9?imageView2/2/w/500/quality/90", "share_image": "", "origin": "", "ctor_lv": null}, "redirectUrl": null}