{"resultCode": 1000, "message": "success", "data": {"id": "163179249357834089", "user": {"avatar": "http://thirdwx.qlogo.cn/mmopen/nB1vT5CGg56ibyaib70rys7LjENRsPNibCMZvxkY2AKIs6hNHo0ibexfAibhW3hE5azx1DyEiav0qdJjewYHUCuECjQJ8vZylV5x9f/132", "nickname": "\u767d\u8336", "loginname": "WEIXIN_163067615172828071", "info": ""}, "title": "\u73ab\u7470\u56fe-\u526f\u672c", "like": 0, "view": 0, "modify_time": "2021/11/05", "description": null, "theme": null, "article": {"contents": {"design": {"backgroundColor": "#26325cff", "height": "470", "width": "600", "sizeType": "A4", "ratio": null}, "pages": [{"pageId": "163179249357858537", "templateId": "5944734748594536331", "design": null, "blocks": [{"projectId": "163179249357834089", "blockId": "163120729301751877", "type": "chart", "dataSrc": {"srcType": "local", "dataType": "object-table", "data": [[["\u6807\u7b7e", "\u4eba\u6570%"], ["\u5b85", "46.7"], ["\u5c4c\u4e1d", "30.5"], ["\u7a77\u4e8c\u4ee3", "18"], ["\u5947\u8469", "17.7"], ["\u65e0\u8282\u64cd", "14"], ["\u5973\u6c49\u5b50", "12.9"], ["\u56e7", "11.3"], ["\u7ed9\u529b", "10.6"], ["\u5751\u7239", "10.5"], ["\u840c", "9.1"], ["\u4e8c\u6b21\u5143", "7.7"], ["\u4e0a\u73ed\u72d7", "7.3"], ["\u8179\u9ed1", "7.3"], ["\u5176\u4ed6", "12.1"]]], "url": "", "download": false}, "label": "<d-Rose2-chart>", "templateId": "5944734748594536331", "isFree": "1", "templateSwitch": "key-value", "theme": {"_id": 18, "axis": {"color": "#a1a1a1 "}, "backgroundColor": "#FFFFFF", "colors": ["#5AAEF3", "#62D9AD", "#5B6E96", "#a8dffa", "#ffdc4c", "#FF974C", "#E65A56", "#6D61E4", "#4A6FE2", "#6D9AE7", "#23C2DB", "#D4EC59", "#FFE88E", "#FEB64D", "#FB6E6C"], "fonts": {"accessoryColor": "#878787", "color": "#545454", "fontFamily": "\u963f\u91cc\u5df4\u5df4\u666e\u60e0\u4f53 \u5e38\u89c4", "fontSize": "14"}, "grid": {"color": "#cccccc"}, "titleFont": {"fontSize": "36", "color": "#4c4c4c", "fontFamily": "\u963f\u91cc\u5df4\u5df4\u666e\u60e0\u4f53 \u5e38\u89c4"}, "name": "\u9ed8\u8ba4\u4e3b\u9898", "price": "0.0", "shapeColor": 1, "themeId": "18", "thumb": "https://ss1.dydata.io/v2/themes/17.png", "id": "17"}, "props": {"size": {"height": "470", "width": "600", "ratio": null, "rotate": 0}, "numberFormat": {"style": "1000.00", "decimalPlaces": null}, "map": [[{"name": "\u540d\u79f0", "index": 0, "allowType": ["string"], "isLegend": true, "function": "objCol", "configurable": false}, {"name": "\u503c", "index": 1, "allowType": ["number"], "isLegend": false, "function": "vCol", "configurable": false}]], "legend": {"show": false, "xPosition": "center", "yPosition": "bottom", "styleOptions": [], "style": "", "lineHeight": "15", "color": "#545454", "fontFamily": "\u963f\u91cc\u5df4\u5df4\u666e\u60e0\u4f53 \u5e38\u89c4", "fontSize": "14"}, "axis": {"axistype": "polar", "grid": {"show": "all", "gridLineWidth": "1", "color": "#e9e9e9", "lineStyle": "dashline"}, "circular": {"labelShow": true, "axisLineWidth": "1", "axisShow": false, "axisColor": "#bfbfbf", "labelDirectionOptions": ["\u6c34\u5e73", "\u5468\u5411", "\u5f84\u5411"], "labelDirection": "\u5468\u5411", "axisPositonOptions": ["\u5916\u90e8", "\u5185\u90e8"], "axisPositonChoice": "\u5916\u90e8"}, "radial": {"labelShow": false, "axisLineWidth": "1", "axisShow": false, "axisColor": "#bfbfbf", "labelSuffix": "", "labelAngle": null, "labelDirectionOptions": ["\u6a2a\u6392", "\u7ad6\u6392"], "labelDirection": "\u6a2a\u6392", "stepOfLabel": null}, "color": "#bfbfbf"}, "label": {"textLabel": {"show": false, "fontSize": "14", "color": "#545454", "fontFamily": "\u963f\u91cc\u5df4\u5df4\u666e\u60e0\u4f53 \u5e38\u89c4", "positionOptions": ["\u5185\u90e8", "\u5916\u90e8"], "positionChoice": "\u5185\u90e8"}, "numberLabel": {"show": true, "fontSize": 14, "color": "#5b6e96ff", "fontFamily": "\u963f\u91cc\u5df4\u5df4\u666e\u60e0\u4f53 \u5e38\u89c4", "suffix": "", "positionOptions": ["\u5185\u90e8", "\u5916\u90e8"], "positionChoice": "\u5185\u90e8"}}, "shadow": {"display": false, "shadowAngle": "45", "shadowBlur": "5", "shadowColor": "#c6c6c6", "shadowOpacity": "100", "shadowRadius": "3"}, "display": {"fillOpacity": "1", "innerRadiusRatio": 0, "barWidthPercent": "1", "cornerRadius": 0, "areaBorderWidth": 1, "areaBorderColor": "#ffffff"}, "font": {"fontSize": "14", "color": "#f9cf36ff", "fontFamily": "\u963f\u91cc\u5df4\u5df4\u666e\u60e0\u4f53 \u5e38\u89c4"}, "tooltip": true, "colors": {"colorControlers": ["single", "multiple", "linear"], "type": "linear", "list": ["#f5cc44ff", "#f2e8cdff"]}, "backgroundColor": "", "titleDisplay": {"text": "90\u540e\u7ed9\u81ea\u5df1\u8d34\u4e0a\u7684\u7f51\u7edc\u6807\u7b7e", "xPosition": "center", "yPosition": "top", "fontSize": "25", "color": "#f9cf36ff", "fontFamily": "\u963f\u91cc\u5df4\u5df4\u666e\u60e0\u4f53 \u5e38\u89c4", "lineHeight": "10", "totalHeight": "39", "show": true}, "animation": {"transition": false, "duration": "1.5", "startDelay": "0", "endPause": "1", "moveOptions": ["\u5f84\u5411\u5c55\u5f00", "\u987a\u65f6\u9488\u5c55\u5f00"], "moveStyle": "\u987a\u65f6\u9488\u5c55\u5f00", "easeStyle": ""}, "unitDisplay": {"show": true, "text": "\u5355\u4f4d\uff1a%", "xPosition": "left", "yPosition": "top", "fontSize": "14", "color": "#f9cf36ff", "fontFamily": "\u963f\u91cc\u5df4\u5df4\u666e\u60e0\u4f53 \u5e38\u89c4", "bottomLineHeight": "15"}, "sourceDisplay": {"show": true, "text": "\u6570\u636e\u6765\u6e90\uff1aEnfoDesk\u6613\u89c2\u667a\u5e93\u300a\u4e2d\u56fd90\u540e\u9752\u5e74\u8c03\u67e5\u62a5\u544a\u300b", "xPosition": "left", "yPosition": "bottom", "fontSize": "14", "color": "#f9cf36ff", "fontFamily": "\u963f\u91cc\u5df4\u5df4\u666e\u60e0\u4f53 \u5e38\u89c4", "topLineHeight": "15"}, "publishDisplay": {"show": false, "text": "\u955d\u6570\u51fa\u54c1", "fontSize": "14", "color": "#f9cf36ff", "fontFamily": "\u963f\u91cc\u5df4\u5df4\u666e\u60e0\u4f53 \u5e38\u89c4"}, "logoDisplay": {"show": false, "imgUrl": "https://ss1.dycharts.com/newchartLogo.png", "imgHeight": "32", "topLineHeight": "11", "bottomLineHeight": "15"}, "watermarkDisplay": {"show": false, "imgUrl": "https://ss1.dycharts.com/newchartWatermark.png", "imgHeight": "80", "imgWidth": "80"}, "paddings": {"top": "20", "bottom": "23", "left": "24", "right": "24", "chartBottom": "5"}}, "function_type": ["\u6bd4\u8f83\u7c7b"], "chart_type": "\u6781\u5750\u6807\u56fe", "title": "\u73ab\u7470\u56fe", "thumb": "https://image.dycharts.com/YVLmRojEG564VMaFTzMdky.jpg?imageView2/2/w/500/quality/90", "gif": "https://image.dycharts.com/5944734748594536331.gif?imageView2/2/w/500/quality/90", "price": 2, "position": {"top": 0, "left": 0}}]}], "theme": {"_id": 18, "axis": {"color": "#a1a1a1 "}, "backgroundColor": "#FFFFFF", "colors": ["#5AAEF3", "#62D9AD", "#5B6E96", "#a8dffa", "#ffdc4c", "#FF974C", "#E65A56", "#6D61E4", "#4A6FE2", "#6D9AE7", "#23C2DB", "#D4EC59", "#FFE88E", "#FEB64D", "#FB6E6C"], "fonts": {"accessoryColor": "#878787", "color": "#545454", "fontFamily": "\u963f\u91cc\u5df4\u5df4\u666e\u60e0\u4f53 \u5e38\u89c4", "fontSize": "14"}, "grid": {"color": "#cccccc"}, "titleFont": {"fontSize": "36", "color": "#4c4c4c", "fontFamily": "\u963f\u91cc\u5df4\u5df4\u666e\u60e0\u4f53 \u5e38\u89c4"}, "name": "\u9ed8\u8ba4\u4e3b\u9898", "price": "0.0", "shapeColor": 1, "themeId": "18", "thumb": "https://ss1.dydata.io/v2/themes/17.png", "id": "17"}}}, "refresh_rate": 0, "thumb": "https://image.dycharts.com/e6449dec1ce011ecbb5f00163e0e6ea9?imageView2/2/w/500/quality/90", "share_image": "", "origin": "", "ctor_lv": null}, "redirectUrl": null}