{"resultCode": 1000, "message": "success", "data": {"id": "163106787471354178", "user": {"avatar": "http://thirdwx.qlogo.cn/mmopen/nB1vT5CGg56ibyaib70rys7LjENRsPNibCMZvxkY2AKIs6hNHo0ibexfAibhW3hE5azx1DyEiav0qdJjewYHUCuECjQJ8vZylV5x9f/132", "nickname": "\u767d\u8336", "loginname": "WEIXIN_163067615172828071", "info": ""}, "title": "\u672a\u547d\u540d", "like": 0, "view": 0, "modify_time": "2021/10/06", "description": "", "theme": null, "article": {"contents": {"design": {"backgroundColor": "#26325Cff", "height": "470", "width": "600", "sizeType": "A4", "ratio": null}, "pages": [{"pageId": "163106787471380385", "design": null, "blocks": [{"projectId": "163106787471354178", "blockId": "163106788011944358", "type": "chart", "dataSrc": {"srcType": "local", "dataType": "object-table", "data": [[["\u793e\u6050\u7a0b\u5ea6", "\u4eba\u6570\uff08%\uff09"], ["\u6709", "11.8%"], ["\u8f7b\u5fae\u793e\u4ea4\u969c\u788d", "28.4%"], ["\u4e0d\u786e\u5b9a", "15.7%"], ["\u6ca1\u6709", "44.1%"]]], "url": "", "download": false}, "label": "<d-icon-pie-chart>", "templateId": "4447460703254610041", "isFree": "0", "templateSwitch": "key-value", "theme": {"_id": 18, "axis": {"color": "#a1a1a1"}, "backgroundColor": "#FFFFFF", "colors": ["#5AAEF3", "#62D9AD", "#5B6E96", "#a8dffa", "#ffdc4c", "#FF974C", "#E65A56", "#6D61E4", "#4A6FE2", "#6D9AE7", "#23C2DB", "#D4EC59", "#FFE88E", "#FEB64D", "#FB6E6C"], "fonts": {"fontSize": "14", "color": "#545454", "fontFamily": "\u963f\u91cc\u5df4\u5df4\u666e\u60e0\u4f53 \u5e38\u89c4", "accessoryColor": "#878787"}, "grid": {"color": "#ccc"}, "titleFont": {"fontSize": "36", "color": "#4c4c4c", "fontFamily": "\u963f\u91cc\u5df4\u5df4\u666e\u60e0\u4f53 \u5e38\u89c4"}, "name": "\u9ed8\u8ba4\u4e3b\u9898", "price": 0, "shapeColor": 1, "themeId": "18", "thumb": "https://ss1.dydata.io/v2/themes/18.png", "id": "17"}, "props": {"size": {"height": "470", "width": "600", "ratio": null, "rotate": 0}, "numberFormat": {"style": "1000.00", "decimalPlaces": null}, "map": [[{"name": "\u540d\u79f0", "index": 0, "allowType": ["string"], "isLegend": true, "function": "objCol", "configurable": false}, {"name": "\u503c", "index": 1, "allowType": ["number"], "isLegend": false, "function": "vCol", "configurable": false}]], "legend": {"show": true, "xPosition": "center", "yPosition": "bottom", "styleOptions": [], "style": "", "lineHeight": "15", "color": "#f9cf36ff", "fontFamily": "\u963f\u91cc\u5df4\u5df4\u666e\u60e0\u4f53 \u5e38\u89c4", "fontSize": "14"}, "pictures": {"type": "multiple", "svglist": ["<svg xmlns=\"http://www.w3.org/2000/svg\" height=\"100%\" preserveAspectRatio=\"none\" viewBox=\"0 0 24 24\" width=\"100%\"><path d=\"M19 7.001c0 3.865-3.134 7-7 7s-7-3.135-7-7c0-3.867 3.134-7.001 7-7.001s7 3.134 7 7.001zm-1.598 7.18c-1.506 1.137-3.374 1.82-5.402 1.82-2.03 0-3.899-.685-5.407-1.822-4.072 1.793-6.593 7.376-6.593 9.821h24c0-2.423-2.6-8.006-6.598-9.819z\"/></svg>", "<svg xmlns=\"http://www.w3.org/2000/svg\" height=\"100%\" preserveAspectRatio=\"none\" viewBox=\"0 0 24 24\" width=\"100%\"><path d=\"M19 7.001c0 3.865-3.134 7-7 7s-7-3.135-7-7c0-3.867 3.134-7.001 7-7.001s7 3.134 7 7.001zm-1.598 7.18c-1.506 1.137-3.374 1.82-5.402 1.82-2.03 0-3.899-.685-5.407-1.822-4.072 1.793-6.593 7.376-6.593 9.821h24c0-2.423-2.6-8.006-6.598-9.819z\"/></svg>", "<svg xmlns=\"http://www.w3.org/2000/svg\" height=\"100%\" preserveAspectRatio=\"none\" viewBox=\"0 0 24 24\" width=\"100%\"><path d=\"M19 7.001c0 3.865-3.134 7-7 7s-7-3.135-7-7c0-3.867 3.134-7.001 7-7.001s7 3.134 7 7.001zm-1.598 7.18c-1.506 1.137-3.374 1.82-5.402 1.82-2.03 0-3.899-.685-5.407-1.822-4.072 1.793-6.593 7.376-6.593 9.821h24c0-2.423-2.6-8.006-6.598-9.819z\"/></svg>", "<svg xmlns=\"http://www.w3.org/2000/svg\" height=\"100%\" preserveAspectRatio=\"none\" viewBox=\"0 0 24 24\" width=\"100%\"><path d=\"M19 7.001c0 3.865-3.134 7-7 7s-7-3.135-7-7c0-3.867 3.134-7.001 7-7.001s7 3.134 7 7.001zm-1.598 7.18c-1.506 1.137-3.374 1.82-5.402 1.82-2.03 0-3.899-.685-5.407-1.822-4.072 1.793-6.593 7.376-6.593 9.821h24c0-2.423-2.6-8.006-6.598-9.819z\"/></svg>"]}, "axis": null, "display": {"fillOpacity": "1", "iconScale": "0.9", "IconsPerRow": 20, "countOfRows": 4, "iconBorderWidth": "0", "iconBorderColor": null}, "font": {"fontSize": "14", "color": "#545454", "fontFamily": "\u963f\u91cc\u5df4\u5df4\u666e\u60e0\u4f53 \u5e38\u89c4"}, "shadow": {"display": false, "shadowAngle": "45", "shadowBlur": "5", "shadowColor": "#c6c6c6", "shadowOpacity": "100", "shadowRadius": "3"}, "tooltip": true, "colors": {"colorControlers": ["single", "multiple", "withIcon"], "type": "multiple", "list": [5, 12, 1, "#4a6fe2ff"]}, "backgroundColor": "", "titleDisplay": {"text": "\u793e\u6050\u7684\u81ea\u6211\u8ba4\u77e5\u5ea6", "xPosition": "center", "yPosition": "top", "fontSize": "25", "color": "#F9CF3 ff", "fontFamily": "\u963f\u91cc\u5df4\u5df4\u666e\u60e0\u4f53 \u5e38\u89c4", "lineHeight": "10", "totalHeight": "39", "show": true}, "animation": {"transition": true, "duration": 2, "startDelay": "0", "endPause": "1", "moveOptions": ["\u4f9d\u6b21\u51fa\u73b0", "\u6a2a\u5411\u5c55\u5f00"], "moveStyle": "\u4f9d\u6b21\u51fa\u73b0", "easeStyle": ""}, "unitDisplay": {"show": true, "text": "\u5355\u4f4d\uff1a\u767e\u5206\u6bd4", "xPosition": "left", "yPosition": "top", "fontSize": "14", "color": "#ffdc4cff", "fontFamily": "\u963f\u91cc\u5df4\u5df4\u666e\u60e0\u4f53 \u5e38\u89c4", "bottomLineHeight": "15"}, "sourceDisplay": {"show": true, "text": "\u6570\u636e\u6765\u6e90\uff1a\u4e2d\u56fd\u793e\u4f1a\u79d1\u5b66\u9662\u3001\u4e2d\u56fd\u9752\u5e74\u62a5\u3001\u63a2\u63a2\u300a\u5f53\u4ee3\u9752\u5e74\u201c\u793e\u6050\u201d\u56fe\u9274\u300b", "xPosition": "left", "yPosition": "bottom", "fontSize": "14", "color": "#ffdc4cff", "fontFamily": "\u963f\u91cc\u5df4\u5df4\u666e\u60e0\u4f53 \u5e38\u89c4", "topLineHeight": "15"}, "publishDisplay": {"show": false, "text": "\u955d\u6570\u51fa\u54c1", "fontSize": "14", "color": "#ffdc4cff", "fontFamily": "\u963f\u91cc\u5df4\u5df4\u666e\u60e0\u4f53 \u5e38\u89c4"}, "logoDisplay": {"show": false, "imgUrl": "https://ss1.dycharts.com/newchartLogo.png", "imgHeight": "32", "topLineHeight": "11", "bottomLineHeight": "15"}, "watermarkDisplay": {"show": false, "imgUrl": "https://ss1.dycharts.com/newchartWatermark.png", "imgHeight": "80", "imgWidth": "80"}, "paddings": {"top": "20", "bottom": "23", "left": "24", "right": "24", "chartBottom": "5"}}, "function_type": ["\u5360\u6bd4\u7c7b"], "chart_type": "\u997c\u56fe", "title": "\u7b26\u53f7\u997c\u56fe", "thumb": "https://image.dycharts.com/iconpie.jpg?imageView2/2/w/500/quality/90", "gif": "https://image.dycharts.com/4447460703254610041.gif?imageView2/2/w/500/quality/90", "position": {"top": 0, "left": 0}}]}], "theme": {"_id": 18, "axis": {"color": "#a1a1a1"}, "backgroundColor": "#FFFFFF", "colors": ["#5AAEF3", "#62D9AD", "#5B6E96", "#a8dffa", "#ffdc4c", "#FF974C", "#E65A56", "#6D61E4", "#4A6FE2", "#6D9AE7", "#23C2DB", "#D4EC59", "#FFE88E", "#FEB64D", "#FB6E6C"], "fonts": {"fontSize": "14", "color": "#545454", "fontFamily": "\u963f\u91cc\u5df4\u5df4\u666e\u60e0\u4f53 \u5e38\u89c4", "accessoryColor": "#878787"}, "grid": {"color": "#ccc"}, "titleFont": {"fontSize": "36", "color": "#4c4c4c", "fontFamily": "\u963f\u91cc\u5df4\u5df4\u666e\u60e0\u4f53 \u5e38\u89c4"}, "name": "\u9ed8\u8ba4\u4e3b\u9898", "price": 0, "shapeColor": 1, "themeId": "18", "thumb": "https://ss1.dydata.io/v2/themes/18.png", "id": "17"}}}, "refresh_rate": 0, "thumb": "https://image.dycharts.com/d23bcd00267e11ec8a9400163e0e6ea9?imageView2/2/w/500/quality/90", "share_image": "", "origin": "", "ctor_lv": null}, "redirectUrl": null}