{"resultCode": 1000, "message": "success", "data": {"id": "163350934138844930", "user": {"avatar": "http://thirdwx.qlogo.cn/mmopen/nB1vT5CGg56ibyaib70rys7LjENRsPNibCMZvxkY2AKIs6hNHo0ibexfAibhW3hE5azx1DyEiav0qdJjewYHUCuECjQJ8vZylV5x9f/132", "nickname": "\u767d\u8336", "loginname": "WEIXIN_163067615172828071", "info": ""}, "title": "\u767e\u5206\u6bd4\u6761\u5f62\u56fe-\u526f\u672c", "like": 0, "view": 0, "modify_time": "2021/11/05", "description": null, "theme": null, "article": {"contents": {"design": {"backgroundColor": "#26325Cff", "height": "470", "width": "600", "sizeType": "A4", "ratio": null}, "pages": [{"pageId": "163350934138868512", "templateId": "7955555555502345001", "design": null, "blocks": [{"projectId": "163350934138844930", "blockId": "161243067203022406", "type": "chart", "dataSrc": {"srcType": "local", "dataType": "obejct-table", "data": [[["\u65b9\u5f0f", "\u6bd4\u4f8b\uff08%\uff09"], ["\u5176\u4ed6", "18.52"], ["\u540c\u5b66\u6821\u53cb\uff0c\u513f\u65f6\u73a9\u4f34", "31.74"], ["\u7ebf\u4e0b\u805a\u4f1a\uff0c\u73b0\u5b9e\u7ed3\u7f18", "39.80"], ["\u540c\u4e8b\u5ba2\u6237\uff0c\u5de5\u4f5c\u5f80\u6765", "45.98"], ["\u793e\u4ea4\u8f6f\u4ef6\uff0c\u7f51\u7edc\u9014\u5f84", "64.83"]]], "url": "", "download": false}, "label": "<d-hundred-percent-bar-chart>", "templateId": "7955555555502345001", "isFree": "1", "templateSwitch": "key-value", "theme": {"_id": 18, "axis": {"color": "#a1a1a1 "}, "backgroundColor": "#FFFFFF", "colors": ["#5AAEF3", "#62D9AD", "#5B6E96", "#a8dffa", "#ffdc4c", "#FF974C", "#E65A56", "#6D61E4", "#4A6FE2", "#6D9AE7", "#23C2DB", "#D4EC59", "#FFE88E", "#FEB64D", "#FB6E6C"], "fonts": {"accessoryColor": "#878787", "color": "#545454", "fontFamily": "\u963f\u91cc\u5df4\u5df4\u666e\u60e0\u4f53 \u5e38\u89c4", "fontSize": "14"}, "grid": {"color": "#cccccc"}, "titleFont": {"fontSize": "36", "color": "#4c4c4c", "fontFamily": "\u963f\u91cc\u5df4\u5df4\u666e\u60e0\u4f53 \u5e38\u89c4"}, "name": "\u9ed8\u8ba4\u4e3b\u9898", "price": "0.0", "shapeColor": 1, "themeId": "18", "thumb": "https://ss1.dydata.io/v2/themes/17.png", "id": "17"}, "props": {"size": {"height": "470", "width": "600", "ratio": null, "rotate": 0}, "numberFormat": {"style": "1000.00", "decimalPlaces": null}, "label": {"display": true, "positionOptions": ["\u5916\u90e8\u5c45\u53f3", "\u5916\u90e8\u5c45\u5de6", "\u5185\u90e8\u5c45\u5de6", "\u5185\u90e8\u5c45\u4e2d", "\u5185\u90e8\u5c45\u53f3"], "positionChoice": "\u5916\u90e8\u5c45\u5de6", "textLabel": {"fontSize": "14", "color": "#ff974ce8", "fontFamily": "\u963f\u91cc\u5df4\u5df4\u666e\u60e0\u4f53 \u7c97\u4f53"}}, "map": [[{"name": "y\u8f74\u5bf9\u8c61", "index": 0, "allowType": ["string"], "isLegend": true, "function": "objCol", "configurable": false}, {"name": "\u503c", "index": 1, "allowType": ["number"], "isLegend": false, "function": "vCol", "configurable": false}]], "legend": {"show": false, "xPosition": "center", "yPosition": "bottom", "styleOptions": [], "style": "", "lineHeight": "15", "color": ["#545454"], "fontFamily": ["\u963f\u91cc\u5df4\u5df4\u666e\u60e0\u4f53 \u5e38\u89c4"], "fontSize": "14"}, "axis": {"grid": {"show": "none", "gridLineWidth": "1", "color": "#e9e9e9", "lineStyle": "dashline"}, "x": {"labelShow": false, "name": "", "range": [], "axisLineWidth": "1", "axisShow": false, "axisColor": "#bfbfbf", "axisPositonOptions": ["\u4e0a\u9762", "\u4e0b\u9762"], "axisPositonChoice": "\u4e0a\u9762", "labelDirectionOptions": ["\u81ea\u52a8", "\u6a2a\u6392", "\u7ad6\u6392"], "labelDirection": "\u81ea\u52a8", "labelAngle": "0", "stepOfLabel": null}, "y": {"labelShow": true, "name": "", "axisLineWidth": "1", "axisShow": false, "axisColor": "#bfbfbf"}}, "shadow": {"display": false, "shadowAngle": "45", "shadowBlur": "5", "shadowColor": "#c6c6c6", "shadowOpacity": "100", "shadowRadius": "3"}, "display": {"fillOpacity": "1", "barBackgroundColor": null, "bgOpacity": "0.5", "barWidthPercent": "0.5", "borderWidth": "0", "borderColor": null, "bar4CornerRadius": [10, 10, 10, 10]}, "font": {"fontSize": "14", "color": "#f9cf36ff", "fontFamily": "\u963f\u91cc\u5df4\u5df4\u666e\u60e0\u4f53 \u5e38\u89c4"}, "tooltip": true, "colors": {"colorControlers": ["single", "multiple", "linear"], "type": "multiple", "list": ["#f9cf36ff", "#f9cf36ff", "#f9cf36ff", "#f9cf36ff", "#ff974ce8"]}, "backgroundColor": "", "titleDisplay": {"text": "\u72ec\u5c45\u9752\u5e74\u4ea4\u53cb\u65b9\u5f0f", "xPosition": "center", "yPosition": "top", "fontSize": "25", "color": "#f9cf36ff", "fontFamily": "\u963f\u91cc\u5df4\u5df4\u666e\u60e0\u4f53 \u5e38\u89c4", "lineHeight": "10", "totalHeight": "39", "show": true}, "animation": {"transition": true, "duration": "1.3", "startDelay": "0", "endPause": "1", "moveOptions": ["\u6a2a\u5411\u540c\u6b65\u62c9\u4f38", "\u7eb5\u5411\u4f9d\u6b21\u5c55\u5f00", "\u767e\u53f6\u7a97", "\u673a\u573a\u7ffb\u724c"], "moveStyle": "\u6a2a\u5411\u540c\u6b65\u62c9\u4f38", "easeStyle": ""}, "unitDisplay": {"show": true, "text": "\u5355\u4f4d\uff1a%", "xPosition": "left", "yPosition": "top", "fontSize": "14", "color": "#f9cf36ff", "fontFamily": "\u963f\u91cc\u5df4\u5df4\u666e\u60e0\u4f53 \u5e38\u89c4", "bottomLineHeight": "15"}, "sourceDisplay": {"show": true, "text": "\u6570\u636e\u6765\u6e90\uff1a\u63a2\u63a2\u3001\u5357\u90fd\u4f20\u5a92\u300a2020\u72ec\u5c45\u9752\u5e74\u751f\u6d3b\u6d1e\u5bdf\u62a5\u544a\u300b", "xPosition": "left", "yPosition": "bottom", "fontSize": "14", "color": "#f9cf36ff", "fontFamily": "\u963f\u91cc\u5df4\u5df4\u666e\u60e0\u4f53 \u5e38\u89c4", "topLineHeight": "15"}, "publishDisplay": {"show": false, "text": "\u955d\u6570\u51fa\u54c1", "fontSize": "14", "color": "#f9cf36ff", "fontFamily": "\u963f\u91cc\u5df4\u5df4\u666e\u60e0\u4f53 \u5e38\u89c4"}, "logoDisplay": {"show": false, "imgUrl": "https://ss1.dycharts.com/newchartLogo.png", "imgHeight": "32", "topLineHeight": "11", "bottomLineHeight": "15"}, "watermarkDisplay": {"show": false, "imgUrl": "https://ss1.dycharts.com/newchartWatermark.png", "imgHeight": "80", "imgWidth": "80"}, "paddings": {"top": "20", "bottom": "23", "left": "24", "right": "24", "chartBottom": "5"}}, "function_type": ["\u6bd4\u8f83\u7c7b", "\u5360\u6bd4\u7c7b"], "chart_type": "\u67f1\u72b6\u56fe", "title": "\u767e\u5206\u6bd4\u6761\u5f62\u56fe", "thumb": "https://image.dycharts.com/7955555555502345001.jpg?imageView2/2/w/500/quality/90", "gif": "https://image.dycharts.com/7955555555502345001.gif?imageView2/2/w/500/quality/90", "position": {"top": 0, "left": 0}}]}], "theme": {"_id": 18, "axis": {"color": "#a1a1a1 "}, "backgroundColor": "#FFFFFF", "colors": ["#5AAEF3", "#62D9AD", "#5B6E96", "#a8dffa", "#ffdc4c", "#FF974C", "#E65A56", "#6D61E4", "#4A6FE2", "#6D9AE7", "#23C2DB", "#D4EC59", "#FFE88E", "#FEB64D", "#FB6E6C"], "fonts": {"accessoryColor": "#878787", "color": "#545454", "fontFamily": "\u963f\u91cc\u5df4\u5df4\u666e\u60e0\u4f53 \u5e38\u89c4", "fontSize": "14"}, "grid": {"color": "#cccccc"}, "titleFont": {"fontSize": "36", "color": "#4c4c4c", "fontFamily": "\u963f\u91cc\u5df4\u5df4\u666e\u60e0\u4f53 \u5e38\u89c4"}, "name": "\u9ed8\u8ba4\u4e3b\u9898", "price": "0.0", "shapeColor": 1, "themeId": "18", "thumb": "https://ss1.dydata.io/v2/themes/17.png", "id": "17"}}}, "refresh_rate": 0, "thumb": "https://image.dycharts.com/43c872b23e1111eca85200163e0e6ea9?imageView2/2/w/500/quality/90", "share_image": "", "origin": "", "ctor_lv": null}, "redirectUrl": null}