{"resultCode": 1000, "message": "success", "data": {"id": "163123287813175653", "user": {"avatar": "http://thirdwx.qlogo.cn/mmopen/XWAg7bAZWFURaKHic5KWzsv1xkO8stwibM7elfhlpRNRoVtY3HC7VaPicJKHicPvHBicR4w7DTVIDSsf6iaakic2NYpkR1UKry82ph6/132", "nickname": "\u5495\u565c\u5495\u565c\u8089", "loginname": "WEIXIN_163123282590587936", "info": ""}, "title": "\u77e9\u5f62\u6811\u56fe\uff08\u5355\u5c42\uff09-\u526f\u672c", "like": 0, "view": 0, "modify_time": "2021/10/10", "description": "\u77e9\u5f62\u6811\u56fe\u662f\u53ef\u89c6\u5316\u6811\u5f62\u56fe\u5206\u5c42\u7ed3\u6784\u7684\u53e6\u4e00\u79cd\u65b9\u6cd5\uff0c\u540c\u65f6\u8fd8\u901a\u8fc7\u77e9\u5f62\u9762\u79ef\u5927\u5c0f\u663e\u793a\u6bcf\u4e2a\u7c7b\u522b\u7684\u6570\u91cf\u3002\u6bcf\u4e2a\u7c7b\u522b\u90fd\u5206\u914d\u4e86\u4e00\u4e2a\u77e9\u5f62\u533a\u57df\uff0c\u5176\u5b50\u7c7b\u77e9\u5f62\u5d4c\u5957\u5728\u5176\u4e2d\uff1b\u7236\u7c7b\u7684\u77e9\u5f62\u9762\u79ef\u662f\u5176\u5b50\u7c7b\u9762\u79ef\u7684\u603b\u548c\u3002\r\n\u6b64\u77e9\u5f62\u6811\u56fe\u4ec5\u7531\u4e00\u4e2a\u5c42\u7ea7\u6784\u6210\uff0c\u529f\u80fd\u4e0e\u997c\u56fe\u7c7b\u4f3c\uff1b\u7531\u4e8e\u5145\u5206\u5229\u7528\u753b\u5e03\u7a7a\u95f4\uff0c\u76f8\u6bd4\u997c\u56fe\u53ef\u4ee5\u663e\u793a\u66f4\u591a\u7684\u6570\u636e\u3002\r\n\u9650\u65f6\u514d\u8d39\uff0c\u8be5\u6a21\u677f\u5df2\u4e8e2018\u5e741\u67081\u65e5\u6539\u4e3a\u6536\u8d39\u4f1a\u5458\u6a21\u677f\uff0c\u5df2\u7ecf\u505a\u8fc7\u7684\u5b9e\u4f8b\u4e0d\u53d7\u5f71\u54cd\u3002", "theme": null, "article": {"contents": {"design": {"backgroundColor": "#26325cff", "height": 460, "width": 600, "sizeType": "A4", "ratio": null}, "pages": [{"pageId": "163123287813200324", "templateId": "5544734748594536503", "design": null, "blocks": [{"projectId": "5544734748594536503", "blockId": "163120729305842825", "type": "chart", "dataSrc": {"srcType": "local", "dataType": "object-table", "data": [[["\u539f\u56e0", "\u70b9\u8d5e\u6570", "\u767e\u5206\u6bd4"], ["\u5728\u610f\u4ed6\u4eba\u8bc4\u4ef7", "3723", "33.36%"], ["\u4e0d\u81ea\u4fe1\u751a\u81f3\u81ea\u5351", "3484", "31.21%"], ["\u6027\u683c\u5185\u5411", "1180", "10.57%"], ["\u7f3a\u4e4f\u793e\u4ea4\u6280\u5de7", "1119", "10.02%"], ["\u5728\u610f\u81ea\u8eab\u8a00\u884c", "718", "6.43%"], ["\u75b2\u4e8e\u793e\u4ea4", "487", "4.36%"], ["\u96c6\u4f53\u8ba4\u540c\u611f\u4f4e", "261", "2.33%"], ["\u81ea\u8eab\u80fd\u529b\u4e0d\u8db3", "134", "1.20%"], ["\u906d\u9047\u4e0d\u5e78\u7ecf\u5386", "54", "0.48%"]]], "url": "", "download": false}, "label": "<d-one-level-treemap-chart>", "templateId": "5544734748594536503", "isFree": "0", "templateSwitch": "key-value", "theme": {"_id": 17, "axis": {"color": "#a1a1a1"}, "backgroundColor": "#FFFFFF", "colors": ["#4150d8", "#28bf7e", "#ed7c2f", "#f2a93b", "#f9cf36", "#4a5bdc", "#4cd698", "#f4914e", "#fcb75b", "#ffe180", "#b6c2ff", "#96edc1", "#ffbe92", "#ffd6ae", "#ffecb6"], "fonts": {"fontSize": "14", "color": "#545454", "fontFamily": "\u963f\u91cc\u5df4\u5df4\u666e\u60e0\u4f53 \u5e38\u89c4", "accessoryColor": "#878787"}, "grid": {"color": "#ccc"}, "titleFont": {"fontSize": "36", "color": "#4c4c4c", "fontFamily": "\u963f\u91cc\u5df4\u5df4\u666e\u60e0\u4f53 \u5e38\u89c4"}, "name": "\u7166\u8272\u97f6\u5149", "price": 0, "shapeColor": 1, "themeId": "17", "thumb": "https://ss1.dydata.io/v2/themes/17.png", "id": "16"}, "props": {"size": {"height": 460, "width": 600, "ratio": null, "rotate": 0}, "numberFormat": {"style": "1000.00", "decimalPlaces": null}, "map": [[{"name": "\u540d\u79f0", "index": 0, "allowType": ["string"], "isLegend": true, "function": "objCol", "configurable": false}, {"name": "\u503c", "index": 1, "allowType": ["number"], "isLegend": false, "function": "vCol", "configurable": false}]], "legend": {"show": false, "xPosition": "center", "yPosition": "bottom", "styleOptions": [], "style": "", "lineHeight": "15", "color": "#545454", "fontFamily": "\u963f\u91cc\u5df4\u5df4\u666e\u60e0\u4f53 \u5e38\u89c4", "fontSize": "14"}, "axis": null, "shadow": {"display": false, "shadowAngle": "45", "shadowBlur": "5", "shadowColor": "#c6c6c6", "shadowOpacity": "100", "shadowRadius": "3"}, "label": {"display": true, "positionOptions": ["\u5185\u90e8\u5de6\u4e0a", "\u5185\u90e8\u5c45\u4e2d"], "positionChoice": "\u5185\u90e8\u5de6\u4e0a", "contentOption": ["\u540d\u79f0", "\u767e\u5206\u6bd4", "\u6570\u503c"], "contentChoice": ["\u540d\u79f0", "\u767e\u5206\u6bd4"], "textLabel": {"fontSize": 15, "color": "#373737ff", "fontFamily": "\u963f\u91cc\u5df4\u5df4\u666e\u60e0\u4f53 \u7c97\u4f53"}, "suffix": ""}, "display": {"fillOpacity": "1", "borderWidth": 0, "borderColor": "#FFFFFF", "cornerRadius": 4, "gapDistance": 3}, "tooltip": true, "colors": {"colorControlers": ["multiple", "linear"], "type": "multiple", "list": ["#d47531ed", "#f29e45d4", "#dba347ff", "#f2cf5eeb", "#efd86eff", "#f2d888ff", "#f2eea9eb", "#f2eea9f7", "#edebb7f5"]}, "backgroundColor": "", "titleDisplay": {"text": "\u793e\u6050\u6d41\u884c\u75c5\u4ea7\u751f\u7684\u4e2a\u4eba\u539f\u56e0", "xPosition": "center", "yPosition": "top", "fontSize": "25", "color": "#f9cf36ff", "fontFamily": "\u963f\u91cc\u5df4\u5df4\u666e\u60e0\u4f53 \u5e38\u89c4", "lineHeight": "10", "totalHeight": "39", "show": true}, "animation": {"transition": true, "duration": "2", "startDelay": "0", "endPause": "1", "moveOptions": ["\u5bf9\u89d2\u62c9\u4f38"], "moveStyle": "\u5bf9\u89d2\u62c9\u4f38", "easeStyle": ""}, "unitDisplay": {"show": false, "text": "\u5355\u4f4d\uff1a%", "xPosition": "left", "yPosition": "top", "fontSize": "14", "color": "#f9cf36ff", "fontFamily": "\u963f\u91cc\u5df4\u5df4\u666e\u60e0\u4f53 \u5e38\u89c4", "bottomLineHeight": "15"}, "sourceDisplay": {"show": true, "text": "\u6570\u636e\u6765\u6e90\uff1a\u8c46\u74e3\u8bdd\u9898\u201c\u5927\u5bb6\u89c9\u5f97\u81ea\u5df1\u793e\u6050\u7684\u6839\u672c\u539f\u56e0\u662f\u5565\u201d\uff08\u622a\u6b622021\u5e749\u670816\u65e5\uff09", "xPosition": "left", "yPosition": "bottom", "fontSize": "14", "color": "#f9cf36ff", "fontFamily": "\u963f\u91cc\u5df4\u5df4\u666e\u60e0\u4f53 \u5e38\u89c4", "topLineHeight": "15"}, "publishDisplay": {"show": false, "text": "\u955d\u6570\u51fa\u54c1", "fontSize": "14", "color": "#f9cf36ff", "fontFamily": "\u963f\u91cc\u5df4\u5df4\u666e\u60e0\u4f53 \u5e38\u89c4"}, "logoDisplay": {"show": false, "imgUrl": "https://ss1.dycharts.com/newchartLogo.png", "imgHeight": "32", "topLineHeight": "11", "bottomLineHeight": "15"}, "watermarkDisplay": {"show": false, "imgUrl": "https://ss1.dycharts.com/newchartWatermark.png", "imgHeight": "80", "imgWidth": "80"}, "paddings": {"top": "20", "bottom": "23", "left": "24", "right": "24", "chartBottom": "5"}}, "function_type": ["\u5360\u6bd4\u7c7b"], "chart_type": "\u6811\u56fe", "title": "\u77e9\u5f62\u6811\u56fe\uff08\u5355\u5c42\uff09", "thumb": "https://image.dycharts.com/SMjXZyGziv68hwoqWSV11t.jpg?imageView2/2/w/500/quality/90", "gif": "https://image.dycharts.com/5544734748594536503.gif?imageView2/2/w/500/quality/90", "price": 0, "position": {"top": 0, "left": 0}}]}], "theme": {"_id": 17, "axis": {"color": "#a1a1a1"}, "backgroundColor": "#FFFFFF", "colors": ["#4150d8", "#28bf7e", "#ed7c2f", "#f2a93b", "#f9cf36", "#4a5bdc", "#4cd698", "#f4914e", "#fcb75b", "#ffe180", "#b6c2ff", "#96edc1", "#ffbe92", "#ffd6ae", "#ffecb6"], "fonts": {"fontSize": "14", "color": "#545454", "fontFamily": "\u963f\u91cc\u5df4\u5df4\u666e\u60e0\u4f53 \u5e38\u89c4", "accessoryColor": "#878787"}, "grid": {"color": "#ccc"}, "titleFont": {"fontSize": "36", "color": "#4c4c4c", "fontFamily": "\u963f\u91cc\u5df4\u5df4\u666e\u60e0\u4f53 \u5e38\u89c4"}, "name": "\u7166\u8272\u97f6\u5149", "price": 0, "shapeColor": 1, "themeId": "17", "thumb": "https://ss1.dydata.io/v2/themes/17.png", "id": "16"}}}, "refresh_rate": 0, "thumb": "https://image.dycharts.com/bd89f6ea299711ecb12a00163e0e6ea9?imageView2/2/w/500/quality/90", "share_image": "", "origin": "", "ctor_lv": null}, "redirectUrl": null}