{"resultCode": 1000, "message": "success", "data": {"id": "163279965230765634", "user": {"avatar": "http://thirdwx.qlogo.cn/mmopen/nB1vT5CGg56ibyaib70rys7LjENRsPNibCMZvxkY2AKIs6hNHo0ibexfAibhW3hE5azx1DyEiav0qdJjewYHUCuECjQJ8vZylV5x9f/132", "nickname": "\u767d\u8336", "loginname": "WEIXIN_163067615172828071", "info": ""}, "title": "\u5fae\u535a\u8bdd\u9898\u60c5\u7eea", "like": 0, "view": 0, "modify_time": "2021/10/10", "description": "", "theme": null, "article": {"contents": {"design": {"backgroundColor": "#26325cff", "height": 470, "width": 1000, "sizeType": "A4", "ratio": null}, "pages": [{"pageId": "163106855736246433", "design": null, "blocks": [{"projectId": "163279965230765634", "blockId": "163108347490083138", "type": "chart", "dataSrc": {"srcType": "local", "dataType": "obejct-table", "data": [[["\u60c5\u7eea", "\u9891\u6570"], ["\u5bb3\u6015", "277"], ["\u5c34\u5c2c", "222"], ["\u5f00\u5fc3", "154"], ["\u7126\u8651", "154"], ["\u5feb\u4e50", "130"], ["\u8ba8\u538c", "122"], ["\u7fa1\u6155", "121"], ["\u96be\u8fc7", "90"], ["\u611f\u8c22", "75"], ["\u6050\u60e7", "65"], ["\u671f\u5f85", "48"], ["\u62c5\u5fc3", "46"], ["\u8212\u670d", "42"], ["\u6000\u7591", "39"], ["\u96be\u53d7", "38"], ["\u5bb3\u7f9e", "33"], ["\u540e\u6094", "27"], ["\u6291\u90c1", "27"], ["\u65e0\u804a", "26"], ["\u751f\u6c14", "23"], ["\u70e6\u8e81", "20"]]], "url": "", "download": false}, "label": "<d-lollipop-chart>", "templateId": "7955555666601234502", "isFree": "1", "templateSwitch": "key-value", "theme": {"_id": 9, "axis": {"color": "#D8D8D8"}, "backgroundColor": "#F3F6F7", "colors": ["#B7DFCB", "#5ABAD1", "#3984B6", "#264992", "#161F63", "#E0EFCF", "#95D3D4", "#469CC5", "#3D81B7", "#3369A8", "#461364", "#692293", "#7F2CA0", "#A13B9B", "#C04B97"], "fonts": {"fontFamily": "\u963f\u91cc\u5df4\u5df4\u666e\u60e0\u4f53 \u5e38\u89c4", "fontSize": "14", "color": "#485465", "accessoryColor": "#878787"}, "titleFont": {"fontSize": "36", "color": "#4c4c4c", "fontFamily": "\u963f\u91cc\u5df4\u5df4\u666e\u60e0\u4f53 \u5e38\u89c4"}, "grid": {"color": "#D9E8EA"}, "name": "\u8377\u5858\u6de1\u96c5", "price": 0, "shapeColor": 5, "themeId": "9", "thumb": "http://ss1.dydata.io/v2/themes/9.png", "id": "9"}, "props": {"size": {"height": 470, "width": 1000, "ratio": null, "rotate": 0}, "numberFormat": {"style": "1000.00", "decimalPlaces": null}, "map": [[{"name": "\u540d\u79f0", "index": 0, "allowType": ["string"], "isLegend": true, "function": "objCol", "configurable": false}, {"name": "\u503c", "index": 1, "allowType": ["number"], "isLegend": false, "function": "vCol", "configurable": false}]], "legend": {"show": false, "xPosition": "center", "yPosition": "bottom", "styleOptions": [], "style": "", "lineHeight": "15", "color": ["#545454"], "fontFamily": ["\u963f\u91cc\u5df4\u5df4\u666e\u60e0\u4f53 \u5e38\u89c4"], "fontSize": "14"}, "label": {"numberLabel": {"show": true, "fontSize": "14", "color": "#ffffffff", "fontFamily": "\u963f\u91cc\u5df4\u5df4\u666e\u60e0\u4f53 \u5e38\u89c4", "suffix": "", "positionOptions": ["\u5916\u90e8", "\u5185\u90e8"], "positionChoice": "\u5185\u90e8"}}, "titleDisplay": {"text": "\u8bdd\u9898\u8ba8\u8bba\u60c5\u7eea\u8bcd\u9891\u6570", "xPosition": "center", "yPosition": "top", "fontSize": "25", "color": "#f9cf36ff", "fontFamily": "\u963f\u91cc\u5df4\u5df4\u666e\u60e0\u4f53 \u5e38\u89c4", "lineHeight": "10", "totalHeight": "39", "show": true}, "axis": {"grid": {"color": "#bfbfbf", "gridLineWidth": "1", "lineStyle": "dashline", "show": "none"}, "x": {"labelShow": true, "name": "", "axisLineWidth": "1", "axisShow": true, "axisColor": "#f2e8cdff", "axisPositonOptions": ["\u4e0a\u9762", "\u4e0b\u9762"], "axisPositonChoice": "\u4e0b\u9762", "labelDirectionOptions": ["\u81ea\u52a8", "\u6a2a\u6392", "\u7ad6\u6392"], "labelDirection": "\u7ad6\u6392", "labelAngle": "0"}, "y": {"labelShow": true, "name": "", "range": [], "axisLineWidth": "1", "axisShow": true, "axisColor": "#f2e8cdff", "stepOfLabel": null, "labelSuffix": ""}}, "shadow": {"display": false, "shadowAngle": "45", "shadowBlur": 1, "shadowColor": "#c6c6c6", "shadowOpacity": "100", "shadowRadius": 0}, "font": {"fontSize": "14", "color": "#f9cf36ff", "fontFamily": "\u963f\u91cc\u5df4\u5df4\u666e\u60e0\u4f53 \u5e38\u89c4"}, "tooltip": true, "colors": {"colorControlers": ["single", "multiple", "linear"], "type": "multiple", "list": [2, 2, "#eb9436ff", 2, "#eb9436ff", 2, "#eb9436fc", 7, "#eb9436ff", 2, "#eb9436ff", 2, "#eb9436ff", 2, 2, 2, "#3984b6ff", "#3984b6ff", "#3984b6ff", "#3984b6ff", "#3984b6ff"]}, "display": {"bubbleSizeType": "area", "bubbleBorderColor": null, "bubbleFillColor": null, "bubbleBorderWidth": "1", "minRadius": "4", "maxRadius": "45", "lineWidth": "4"}, "animation": {"transition": true, "duration": "3", "startDelay": "0", "endPause": "1", "moveOptions": ["\u7eb5\u5411\u540c\u6b65\u62c9\u4f38", "\u7eb5\u5411\u4f9d\u6b21\u62c9\u4f38"], "moveStyle": "\u7eb5\u5411\u540c\u6b65\u62c9\u4f38", "easeStyle": ""}, "backgroundColor": "", "unitDisplay": {"show": true, "text": "\u5355\u4f4d\uff1a\u6b21", "xPosition": "left", "yPosition": "top", "fontSize": "14", "color": "#f9cf36ff", "fontFamily": "\u963f\u91cc\u5df4\u5df4\u666e\u60e0\u4f53 \u5e38\u89c4", "bottomLineHeight": "15"}, "sourceDisplay": {"show": true, "text": "\u6570\u636e\u6765\u6e90\uff1a\u5fae\u535a\u201c\u793e\u6050\u201d\u8bdd\u9898\u8ba8\u8bba\uff08\u622a\u6b629\u670826\u65e5\uff09", "xPosition": "left", "yPosition": "bottom", "fontSize": "14", "color": "#f9cf36ff", "fontFamily": "\u963f\u91cc\u5df4\u5df4\u666e\u60e0\u4f53 \u5e38\u89c4", "topLineHeight": "15"}, "publishDisplay": {"show": false, "text": "\u955d\u6570\u51fa\u54c1", "fontSize": "14", "color": "#f9cf36ff", "fontFamily": "\u963f\u91cc\u5df4\u5df4\u666e\u60e0\u4f53 \u5e38\u89c4"}, "logoDisplay": {"show": false, "imgUrl": "https://ss1.dycharts.com/newchartLogo.png", "imgHeight": "32", "topLineHeight": "11", "bottomLineHeight": "15"}, "watermarkDisplay": {"show": false, "imgUrl": "https://ss1.dycharts.com/newchartWatermark.png", "imgHeight": "80", "imgWidth": "80"}, "paddings": {"top": "20", "bottom": "23", "left": "24", "right": "24", "chartBottom": "5"}}, "thumb": "https://image.dycharts.com/7955555666601234502.png?imageView2/2/w/500/quality/90", "gif": "https://image.dycharts.com/7955555666601234502.gif?imageView2/2/w/500/quality/90", "function_type": ["\u6bd4\u8f83\u7c7b"], "chart_type": "\u67f1\u72b6\u56fe", "title": "\u68d2\u68d2\u7cd6\u56fe", "position": {"top": 0, "left": 0}}]}], "theme": {"_id": 18, "axis": {"color": "#a1a1a1"}, "backgroundColor": "#FFFFFF", "colors": ["#5AAEF3", "#62D9AD", "#5B6E96", "#a8dffa", "#ffdc4c", "#FF974C", "#E65A56", "#6D61E4", "#4A6FE2", "#6D9AE7", "#23C2DB", "#D4EC59", "#FFE88E", "#FEB64D", "#FB6E6C"], "fonts": {"fontSize": "14", "color": "#545454", "fontFamily": "\u963f\u91cc\u5df4\u5df4\u666e\u60e0\u4f53 \u5e38\u89c4", "accessoryColor": "#878787"}, "grid": {"color": "#ccc"}, "titleFont": {"fontSize": "36", "color": "#4c4c4c", "fontFamily": "\u963f\u91cc\u5df4\u5df4\u666e\u60e0\u4f53 \u5e38\u89c4"}, "name": "\u9ed8\u8ba4\u4e3b\u9898", "price": 0, "shapeColor": 1, "themeId": "18", "thumb": "https://ss1.dydata.io/v2/themes/18.png", "id": "17"}}}, "refresh_rate": 0, "thumb": "https://image.dycharts.com/976ee5cc289a11ecb18900163e0e6ea9?imageView2/2/w/500/quality/90", "share_image": "", "origin": "", "ctor_lv": null}, "redirectUrl": null}